trial,time,cursor_x_pix,cursor_y_pix,gaze_x,gaze_y,cursor_x_cm,cursor_y_cm,target_x,target_y,state_marker
1,11.267905235290527,159.0,-288.0,2.0496093749999997,-6.74,-2.0999755859375,-271.9000244140625,191.62650317606034,208.57654126820546,0
1,11.270291090011597,159.0,-288.0,2.0496093749999997,-6.74,-3.5,-271.4000244140625,191.62650317606034,208.57654126820546,0
1,11.27696442604065,159.0,-287.0,2.0496093749999997,-6.716597222222223,-1.199951171875,-269.5999755859375,191.62650317606034,208.57654126820546,0
1,11.284315347671509,159.0,-286.0,2.0496093749999997,-6.693194444444445,-0.699951171875,-271.4000244140625,191.62650317606034,208.57654126820546,0
1,11.29122805595398,159.0,-286.0,2.0496093749999997,-6.693194444444445,-0.9000244140625,-267.5999755859375,191.62650317606034,208.57654126820546,0
1,11.298098802566528,159.0,-286.0,2.0496093749999997,-6.693194444444445,-2.199951171875,-269.0,191.62650317606034,208.57654126820546,0
1,11.305227994918823,159.0,-286.0,2.0496093749999997,-6.693194444444445,-0.4000244140625,-270.29998779296875,191.62650317606034,208.57654126820546,0
1,11.31203579902649,158.0,-285.0,2.03671875,-6.669791666666667,-1.5,-272.0,191.62650317606034,208.57654126820546,0
1,11.319461345672607,156.0,-283.0,2.0109375,-6.6229861111111115,-0.5999755859375,-273.4000244140625,191.62650317606034,208.57654126820546,0
1,11.325450897216797,154.0,-281.0,1.98515625,-6.576180555555556,-0.4000244140625,-272.0999755859375,191.62650317606034,208.57654126820546,0
1,11.332067251205444,151.0,-279.0,1.9464843749999998,-6.529375000000001,-0.800048828125,-272.29998779296875,191.62650317606034,208.57654126820546,0
1,11.338840961456299,148.0,-277.0,1.9078125,-6.482569444444445,-0.9000244140625,-270.4000244140625,191.62650317606034,208.57654126820546,0
1,11.345795392990112,145.0,-275.0,1.869140625,-6.435763888888889,-0.699951171875,-273.0999755859375,191.62650317606034,208.57654126820546,0
1,11.353012561798096,143.0,-273.0,1.843359375,-6.388958333333334,-2.300048828125,-274.70001220703125,191.62650317606034,208.57654126820546,0
1,11.36044716835022,140.0,-272.0,1.8046875,-6.365555555555556,-2.5999755859375,-272.5,191.62650317606034,208.57654126820546,0
1,11.367015838623047,137.0,-270.0,1.7660156249999999,-6.3187500000000005,-1.199951171875,-271.20001220703125,191.62650317606034,208.57654126820546,0
1,11.374023199081421,132.0,-267.0,1.7015624999999999,-6.248541666666667,-1.4000244140625,-274.79998779296875,191.62650317606034,208.57654126820546,0
1,11.38102126121521,127.0,-265.0,1.6371093749999999,-6.201736111111112,-3.0,-274.9000244140625,191.62650317606034,208.57654126820546,0
1,11.388013124465942,121.0,-262.0,1.5597656249999998,-6.131527777777778,-2.0,-275.0999755859375,191.62650317606034,208.57654126820546,0
1,11.395009279251099,115.0,-258.0,1.482421875,-6.037916666666667,-2.300048828125,-274.79998779296875,191.62650317606034,208.57654126820546,0
1,11.402005672454834,104.0,-253.0,1.340625,-5.920902777777778,-2.0,-273.4000244140625,191.62650317606034,208.57654126820546,0
1,11.409013748168945,92.0,-248.0,1.1859374999999999,-5.803888888888889,-2.4000244140625,-274.5,191.62650317606034,208.57654126820546,0
1,11.416012525558472,75.0,-242.0,0.966796875,-5.6634722222222225,-0.5999755859375,-272.29998779296875,191.62650317606034,208.57654126820546,0
1,11.42300820350647,58.0,-237.0,0.7476562499999999,-5.546458333333334,-0.5999755859375,-274.5999755859375,191.62650317606034,208.57654126820546,0
1,11.430036067962646,41.0,-232.0,0.5285156249999999,-5.429444444444445,-2.4000244140625,-274.5999755859375,191.62650317606034,208.57654126820546,0
1,11.436944007873535,26.0,-230.0,0.33515625,-5.38263888888889,-2.699951171875,-270.5,191.62650317606034,208.57654126820546,0
1,11.442990064620972,14.0,-228.0,0.18046874999999998,-5.335833333333333,3.199951171875,-276.0,191.62650317606034,208.57654126820546,0
1,11.44999074935913,2.0,-227.0,0.02578125,-5.312430555555556,33.9000244140625,-303.29998779296875,191.62650317606034,208.57654126820546,0
1,11.457135677337646,-8.0,-227.0,-0.103125,-5.312430555555556,48.4000244140625,-322.4000244140625,191.62650317606034,208.57654126820546,0
1,11.464537620544434,-16.0,-229.0,-0.20625,-5.3592361111111115,30.4000244140625,-316.4000244140625,191.62650317606034,208.57654126820546,0
1,11.471139669418335,-23.0,-230.0,-0.29648437499999997,-5.38263888888889,29.5999755859375,-310.0,191.62650317606034,208.57654126820546,0
1,11.4781334400177,-29.0,-232.0,-0.37382812499999996,-5.429444444444445,30.5,-309.300048828125,191.62650317606034,208.57654126820546,0
1,11.484976053237915,-35.0,-235.0,-0.451171875,-5.499652777777778,31.5,-310.199951171875,191.62650317606034,208.57654126820546,0
1,11.492612838745117,-40.0,-238.0,-0.515625,-5.569861111111112,33.699951171875,-311.5,191.62650317606034,208.57654126820546,0
1,11.499524116516113,-45.0,-243.0,-0.580078125,-5.686875000000001,30.5999755859375,-314.699951171875,191.62650317606034,208.57654126820546,0
1,11.506154775619507,-50.0,-248.0,-0.64453125,-5.803888888888889,32.4000244140625,-312.5,191.62650317606034,208.57654126820546,0
1,11.513587713241577,-55.0,-255.0,-0.708984375,-5.967708333333333,31.5999755859375,-314.5999755859375,191.62650317606034,208.57654126820546,0
1,11.520055055618286,-58.0,-260.0,-0.7476562499999999,-6.084722222222223,29.199951171875,-318.0999755859375,191.62650317606034,208.57654126820546,0
1,11.526996612548828,-61.0,-267.0,-0.7863281249999999,-6.248541666666667,31.5999755859375,-320.0999755859375,191.62650317606034,208.57654126820546,0
1,11.534002780914307,-63.0,-273.0,-0.8121093749999999,-6.388958333333334,28.300048828125,-319.800048828125,191.62650317606034,208.57654126820546,0
1,11.540997743606567,-65.0,-279.0,-0.837890625,-6.529375000000001,26.800048828125,-322.199951171875,191.62650317606034,208.57654126820546,0
1,11.548006772994995,-65.0,-284.0,-0.837890625,-6.64638888888889,25.699951171875,-325.0999755859375,191.62650317606034,208.57654126820546,0
1,11.555002450942993,-65.0,-288.0,-0.837890625,-6.74,24.800048828125,-322.5,191.62650317606034,208.57654126820546,0
1,11.56205439567566,-64.0,-292.0,-0.825,-6.833611111111112,24.0,-324.0,191.62650317606034,208.57654126820546,0
1,11.568122625350952,-63.0,-295.0,-0.8121093749999999,-6.903819444444445,24.800048828125,-321.4000244140625,191.62650317606034,208.57654126820546,0
1,11.57544755935669,-61.0,-298.0,-0.7863281249999999,-6.974027777777779,24.699951171875,-324.5999755859375,191.62650317606034,208.57654126820546,0
1,11.582001686096191,-58.0,-301.0,-0.7476562499999999,-7.044236111111111,26.0,-324.0,191.62650317606034,208.57654126820546,0
1,11.589068174362183,-55.0,-304.0,-0.708984375,-7.114444444444445,23.0999755859375,-324.5999755859375,191.62650317606034,208.57654126820546,0
1,11.596682071685791,-51.0,-307.0,-0.6574218749999999,-7.184652777777778,24.300048828125,-324.4000244140625,191.62650317606034,208.57654126820546,0
1,11.603027582168579,-47.0,-309.0,-0.605859375,-7.231458333333334,22.5,-324.5999755859375,191.62650317606034,208.57654126820546,0
1,11.61000370979309,-42.0,-312.0,-0.54140625,-7.301666666666667,25.300048828125,-326.4000244140625,191.62650317606034,208.57654126820546,0
1,11.617005109786987,-37.0,-314.0,-0.476953125,-7.348472222222223,22.0999755859375,-327.300048828125,191.62650317606034,208.57654126820546,0
1,11.624005794525146,-32.0,-317.0,-0.4125,-7.418680555555556,22.4000244140625,-327.300048828125,191.62650317606034,208.57654126820546,0
1,11.630995750427246,-28.0,-319.0,-0.36093749999999997,-7.465486111111112,23.800048828125,-329.4000244140625,191.62650317606034,208.57654126820546,0
1,11.638000965118408,-24.0,-321.0,-0.30937499999999996,-7.512291666666667,23.300048828125,-329.0999755859375,191.62650317606034,208.57654126820546,0
1,11.644997358322144,-20.0,-324.0,-0.2578125,-7.5825000000000005,22.5,-328.199951171875,191.62650317606034,208.57654126820546,0
1,11.652005434036255,-17.0,-326.0,-0.21914062499999998,-7.629305555555556,23.5,-330.800048828125,191.62650317606034,208.57654126820546,0
1,11.658993482589722,-14.0,-328.0,-0.18046874999999998,-7.676111111111112,23.5,-328.0999755859375,191.62650317606034,208.57654126820546,0
1,11.666000843048096,-12.0,-331.0,-0.15468749999999998,-7.7463194444444445,22.9000244140625,-331.800048828125,191.62650317606034,208.57654126820546,0
1,11.67299771308899,-9.0,-333.0,-0.116015625,-7.793125000000001,20.199951171875,-332.800048828125,191.62650317606034,208.57654126820546,0
1,11.680006504058838,-7.0,-335.0,-0.09023437499999999,-7.839930555555556,20.800048828125,-332.800048828125,191.62650317606034,208.57654126820546,0
1,11.687155723571777,-5.0,-337.0,-0.064453125,-7.886736111111111,18.800048828125,-335.0999755859375,191.62650317606034,208.57654126820546,0
1,11.694658041000366,-4.0,-338.0,-0.0515625,-7.9101388888888895,19.5,-334.5,191.62650317606034,208.57654126820546,0
1,11.700988531112671,-2.0,-340.0,-0.02578125,-7.956944444444445,19.199951171875,-335.699951171875,191.62650317606034,208.57654126820546,0
1,11.707059860229492,-1.0,-341.0,-0.012890625,-7.980347222222223,19.699951171875,-335.800048828125,191.62650317606034,208.57654126820546,0
1,11.714000463485718,0.0,-342.0,0.0,-8.00375,21.5,-335.800048828125,191.62650317606034,208.57654126820546,0
1,11.72111701965332,1.0,-343.0,0.012890625,-8.02715277777778,21.9000244140625,-335.199951171875,191.62650317606034,208.57654126820546,0
1,11.728121280670166,2.0,-344.0,0.02578125,-8.050555555555556,20.300048828125,-337.9000244140625,191.62650317606034,208.57654126820546,0
1,11.735190153121948,3.0,-345.0,0.038671874999999994,-8.073958333333334,21.0999755859375,-340.5999755859375,191.62650317606034,208.57654126820546,0
1,11.742169380187988,3.0,-346.0,0.038671874999999994,-8.09736111111111,21.300048828125,-339.199951171875,191.62650317606034,208.57654126820546,0
1,11.749193668365479,3.0,-346.0,0.038671874999999994,-8.09736111111111,21.0999755859375,-339.0999755859375,191.62650317606034,208.57654126820546,0
1,11.756171703338623,4.0,-347.0,0.0515625,-8.12076388888889,20.5999755859375,-340.9000244140625,191.62650317606034,208.57654126820546,0
1,11.763196468353271,4.0,-347.0,0.0515625,-8.12076388888889,19.5999755859375,-339.300048828125,191.62650317606034,208.57654126820546,0
1,11.770042181015015,4.0,-348.0,0.0515625,-8.144166666666667,20.5,-340.800048828125,191.62650317606034,208.57654126820546,0
1,11.777607202529907,4.0,-349.0,0.0515625,-8.167569444444444,19.5999755859375,-340.0,191.62650317606034,208.57654126820546,0
1,11.784180164337158,4.0,-350.0,0.0515625,-8.190972222222223,20.0,-339.5999755859375,191.62650317606034,208.57654126820546,0
1,11.791173934936523,4.0,-351.0,0.0515625,-8.214375,19.300048828125,-341.5,191.62650317606034,208.57654126820546,0
1,11.798173904418945,4.0,-352.0,0.0515625,-8.237777777777778,18.0,-340.5,191.62650317606034,208.57654126820546,0
1,11.805038452148438,3.0,-354.0,0.038671874999999994,-8.284583333333334,20.5999755859375,-342.0,191.62650317606034,208.57654126820546,1
1,11.812177419662476,3.0,-355.0,0.038671874999999994,-8.307986111111111,20.4000244140625,-339.300048828125,191.62650317606034,208.57654126820546,1
1,11.819034814834595,3.0,-357.0,0.038671874999999994,-8.354791666666667,18.800048828125,-341.300048828125,191.62650317606034,208.57654126820546,1
1,11.826045036315918,2.0,-359.0,0.02578125,-8.401597222222223,20.5999755859375,-338.5,191.62650317606034,208.57654126820546,1
1,11.8331880569458,2.0,-360.0,0.02578125,-8.425,18.5,-338.800048828125,191.62650317606034,208.57654126820546,1
1,11.84017300605774,2.0,-362.0,0.02578125,-8.471805555555557,17.4000244140625,-339.199951171875,191.62650317606034,208.57654126820546,1
1,11.847282886505127,1.0,-363.0,0.012890625,-8.495208333333334,17.800048828125,-340.9000244140625,191.62650317606034,208.57654126820546,1
1,11.85322642326355,1.0,-364.0,0.012890625,-8.518611111111111,16.5,-339.9000244140625,191.62650317606034,208.57654126820546,1
1,11.860045909881592,1.0,-365.0,0.012890625,-8.542013888888889,17.4000244140625,-340.699951171875,191.62650317606034,208.57654126820546,1
1,11.867206573486328,1.0,-366.0,0.012890625,-8.565416666666668,17.0,-338.4000244140625,191.62650317606034,208.57654126820546,1
1,11.874191045761108,1.0,-367.0,0.012890625,-8.588819444444445,17.5,-341.0,191.62650317606034,208.57654126820546,1
1,11.881195545196533,1.0,-368.0,0.012890625,-8.612222222222222,17.300048828125,-339.800048828125,191.62650317606034,208.57654126820546,0
1,11.888182878494263,1.0,-369.0,0.012890625,-8.635625000000001,15.9000244140625,-339.9000244140625,191.62650317606034,208.57654126820546,0
1,11.895171642303467,1.0,-369.0,0.012890625,-8.635625000000001,16.5,-340.300048828125,191.62650317606034,208.57654126820546,0
1,11.902174949645996,1.0,-370.0,0.012890625,-8.659027777777778,18.300048828125,-342.0999755859375,191.62650317606034,208.57654126820546,0
1,11.909195184707642,1.0,-370.0,0.012890625,-8.659027777777778,16.5,-344.0,191.62650317606034,208.57654126820546,0
1,11.916062355041504,1.0,-371.0,0.012890625,-8.682430555555555,16.5999755859375,-342.4000244140625,191.62650317606034,208.57654126820546,0
1,11.923063516616821,1.0,-371.0,0.012890625,-8.682430555555555,17.0,-343.699951171875,191.62650317606034,208.57654126820546,0
1,11.929999113082886,1.0,-371.0,0.012890625,-8.682430555555555,16.300048828125,-344.300048828125,191.62650317606034,208.57654126820546,0
1,11.936941862106323,1.0,-371.0,0.012890625,-8.682430555555555,16.800048828125,-343.5,191.62650317606034,208.57654126820546,0
1,11.943870782852173,1.0,-371.0,0.012890625,-8.682430555555555,17.5,-343.9000244140625,191.62650317606034,208.57654126820546,0
1,11.95094609260559,1.0,-371.0,0.012890625,-8.682430555555555,14.800048828125,-346.5,191.62650317606034,208.57654126820546,0
1,11.957786083221436,1.0,-371.0,0.012890625,-8.682430555555555,15.9000244140625,-346.9000244140625,191.62650317606034,208.57654126820546,0
1,11.964924573898315,1.0,-371.0,0.012890625,-8.682430555555555,15.9000244140625,-344.9000244140625,191.62650317606034,208.57654126820546,0
1,11.971633434295654,1.0,-371.0,0.012890625,-8.682430555555555,14.699951171875,-344.5999755859375,191.62650317606034,208.57654126820546,0
1,11.978610754013062,1.0,-371.0,0.012890625,-8.682430555555555,15.5,-346.5,191.62650317606034,208.57654126820546,0
1,11.985507249832153,1.0,-371.0,0.012890625,-8.682430555555555,15.800048828125,-346.0,191.62650317606034,208.57654126820546,0
1,11.99249529838562,1.0,-371.0,0.012890625,-8.682430555555555,18.300048828125,-346.9000244140625,191.62650317606034,208.57654126820546,0
1,11.999467372894287,1.0,-371.0,0.012890625,-8.682430555555555,21.699951171875,-346.699951171875,191.62650317606034,208.57654126820546,0
1,12.006389617919922,1.0,-371.0,0.012890625,-8.682430555555555,21.300048828125,-348.0,191.62650317606034,208.57654126820546,0
1,12.013314247131348,1.0,-371.0,0.012890625,-8.682430555555555,21.699951171875,-348.0,191.62650317606034,208.57654126820546,0
1,12.02028226852417,1.0,-371.0,0.012890625,-8.682430555555555,22.0,-348.300048828125,191.62650317606034,208.57654126820546,0
1,12.027204275131226,1.0,-371.0,0.012890625,-8.682430555555555,16.9000244140625,-348.800048828125,191.62650317606034,208.57654126820546,0
1,12.034192323684692,1.0,-371.0,0.012890625,-8.682430555555555,14.300048828125,-351.199951171875,191.62650317606034,208.57654126820546,0
1,12.041110515594482,1.0,-371.0,0.012890625,-8.682430555555555,17.0,-349.300048828125,191.62650317606034,208.57654126820546,0
1,12.048166990280151,0.0,-371.0,0.0,-8.682430555555555,14.9000244140625,-346.9000244140625,191.62650317606034,208.57654126820546,0
1,12.054984092712402,0.0,-371.0,0.0,-8.682430555555555,13.699951171875,-349.5999755859375,191.62650317606034,208.57654126820546,0
1,12.061933994293213,0.0,-371.0,0.0,-8.682430555555555,16.5999755859375,-348.199951171875,191.62650317606034,208.57654126820546,0
1,12.069190979003906,0.0,-371.0,0.0,-8.682430555555555,13.5999755859375,-348.0,191.62650317606034,208.57654126820546,0
1,12.075842142105103,0.0,-371.0,0.0,-8.682430555555555,14.0,-347.5999755859375,191.62650317606034,208.57654126820546,0
1,12.082787036895752,0.0,-371.0,0.0,-8.682430555555555,13.5999755859375,-348.300048828125,191.62650317606034,208.57654126820546,0
1,12.089715242385864,0.0,-371.0,0.0,-8.682430555555555,16.5,-347.699951171875,191.62650317606034,208.57654126820546,0
1,12.096645593643188,0.0,-371.0,0.0,-8.682430555555555,15.800048828125,-349.4000244140625,191.62650317606034,208.57654126820546,0
1,12.103720664978027,0.0,-371.0,0.0,-8.682430555555555,14.9000244140625,-350.699951171875,191.62650317606034,208.57654126820546,0
1,12.110572099685669,0.0,-371.0,0.0,-8.682430555555555,16.0999755859375,-348.0999755859375,191.62650317606034,208.57654126820546,0
1,12.117519855499268,0.0,-371.0,0.0,-8.682430555555555,12.5999755859375,-349.699951171875,191.62650317606034,208.57654126820546,0
1,12.1244478225708,0.0,-371.0,0.0,-8.682430555555555,15.0999755859375,-349.300048828125,191.62650317606034,208.57654126820546,0
1,12.131400346755981,0.0,-371.0,0.0,-8.682430555555555,14.0,-349.800048828125,191.62650317606034,208.57654126820546,0
1,12.138347625732422,0.0,-371.0,0.0,-8.682430555555555,13.800048828125,-348.9000244140625,191.62650317606034,208.57654126820546,0
1,12.145296096801758,0.0,-371.0,0.0,-8.682430555555555,13.4000244140625,-349.300048828125,191.62650317606034,208.57654126820546,0
1,12.152235984802246,0.0,-371.0,0.0,-8.682430555555555,13.5,-352.199951171875,191.62650317606034,208.57654126820546,0
1,12.159184694290161,0.0,-371.0,0.0,-8.682430555555555,12.800048828125,-350.300048828125,191.62650317606034,208.57654126820546,0
1,12.166228294372559,0.0,-371.0,0.0,-8.682430555555555,12.5,-350.9000244140625,191.62650317606034,208.57654126820546,0
1,12.173062562942505,0.0,-371.0,0.0,-8.682430555555555,13.0999755859375,-348.199951171875,191.62650317606034,208.57654126820546,0
1,12.180188179016113,0.0,-371.0,0.0,-8.682430555555555,12.0,-350.9000244140625,191.62650317606034,208.57654126820546,0
1,12.1871919631958,-1.0,-371.0,-0.012890625,-8.682430555555555,13.0,-349.300048828125,191.62650317606034,208.57654126820546,0
1,12.193883895874023,-1.0,-371.0,-0.012890625,-8.682430555555555,13.0,-351.5,191.62650317606034,208.57654126820546,0
1,12.200793981552124,-1.0,-371.0,-0.012890625,-8.682430555555555,11.699951171875,-352.199951171875,191.62650317606034,208.57654126820546,0
1,12.2081778049469,-1.0,-371.0,-0.012890625,-8.682430555555555,12.5,-349.4000244140625,191.62650317606034,208.57654126820546,0
1,12.214717149734497,-1.0,-371.0,-0.012890625,-8.682430555555555,11.800048828125,-352.0,191.62650317606034,208.57654126820546,0
1,12.221766233444214,-1.0,-371.0,-0.012890625,-8.682430555555555,13.0,-352.0999755859375,191.62650317606034,208.57654126820546,0
1,12.228197813034058,-1.0,-371.0,-0.012890625,-8.682430555555555,12.800048828125,-350.800048828125,191.62650317606034,208.57654126820546,0
1,12.235600233078003,-1.0,-371.0,-0.012890625,-8.682430555555555,9.9000244140625,-351.699951171875,191.62650317606034,208.57654126820546,0
1,12.242025136947632,-1.0,-371.0,-0.012890625,-8.682430555555555,10.5999755859375,-353.0999755859375,191.62650317606034,208.57654126820546,0
1,12.249485731124878,-1.0,-371.0,-0.012890625,-8.682430555555555,9.9000244140625,-350.300048828125,191.62650317606034,208.57654126820546,0
1,12.256191730499268,-2.0,-371.0,-0.02578125,-8.682430555555555,7.9000244140625,-352.5,191.62650317606034,208.57654126820546,0
1,12.263373136520386,-2.0,-371.0,-0.02578125,-8.682430555555555,10.0,-353.9000244140625,191.62650317606034,208.57654126820546,0
1,12.270193099975586,-2.0,-371.0,-0.02578125,-8.682430555555555,10.300048828125,-353.800048828125,191.62650317606034,208.57654126820546,0
1,12.277203798294067,-2.0,-370.0,-0.02578125,-8.659027777777778,8.0,-354.0999755859375,191.62650317606034,208.57654126820546,0
1,12.28417706489563,-2.0,-370.0,-0.02578125,-8.659027777777778,8.800048828125,-349.9000244140625,191.62650317606034,208.57654126820546,0
1,12.291130781173706,-2.0,-370.0,-0.02578125,-8.659027777777778,11.199951171875,-351.5999755859375,191.62650317606034,208.57654126820546,0
1,12.298168659210205,-2.0,-370.0,-0.02578125,-8.659027777777778,6.5,-352.5999755859375,191.62650317606034,208.57654126820546,0
1,12.305170774459839,-2.0,-370.0,-0.02578125,-8.659027777777778,10.5,-352.300048828125,191.62650317606034,208.57654126820546,0
1,12.312032222747803,-2.0,-370.0,-0.02578125,-8.659027777777778,7.5999755859375,-350.300048828125,191.62650317606034,208.57654126820546,0
1,12.31900143623352,-3.0,-370.0,-0.038671874999999994,-8.659027777777778,9.0999755859375,-349.0,191.62650317606034,208.57654126820546,0
1,12.325835704803467,-3.0,-370.0,-0.038671874999999994,-8.659027777777778,6.699951171875,-350.199951171875,191.62650317606034,208.57654126820546,0
1,12.333184480667114,-3.0,-370.0,-0.038671874999999994,-8.659027777777778,7.0,-349.5999755859375,191.62650317606034,208.57654126820546,0
1,12.339720249176025,-3.0,-370.0,-0.038671874999999994,-8.659027777777778,6.5,-347.0999755859375,191.62650317606034,208.57654126820546,0
1,12.34621787071228,-3.0,-370.0,-0.038671874999999994,-8.659027777777778,8.199951171875,-346.699951171875,191.62650317606034,208.57654126820546,0
1,12.353672504425049,-3.0,-370.0,-0.038671874999999994,-8.659027777777778,6.5999755859375,-345.699951171875,191.62650317606034,208.57654126820546,0
1,12.360200881958008,-3.0,-370.0,-0.038671874999999994,-8.659027777777778,5.699951171875,-346.300048828125,191.62650317606034,208.57654126820546,0
1,12.367692470550537,-3.0,-370.0,-0.038671874999999994,-8.659027777777778,6.4000244140625,-345.300048828125,191.62650317606034,208.57654126820546,0
1,12.374522686004639,-3.0,-370.0,-0.038671874999999994,-8.659027777777778,5.5,-345.5,191.62650317606034,208.57654126820546,0
1,12.381388187408447,-3.0,-370.0,-0.038671874999999994,-8.659027777777778,3.800048828125,-347.0,191.62650317606034,208.57654126820546,0
1,12.38815426826477,-3.0,-370.0,-0.038671874999999994,-8.659027777777778,2.0999755859375,-348.300048828125,191.62650317606034,208.57654126820546,0
1,12.394867897033691,-4.0,-370.0,-0.0515625,-8.659027777777778,4.4000244140625,-348.4000244140625,191.62650317606034,208.57654126820546,0
1,12.402079105377197,-4.0,-370.0,-0.0515625,-8.659027777777778,6.0,-350.5999755859375,191.62650317606034,208.57654126820546,0
1,12.408990859985352,-4.0,-370.0,-0.0515625,-8.659027777777778,4.199951171875,-349.199951171875,191.62650317606034,208.57654126820546,0
1,12.415929079055786,-4.0,-370.0,-0.0515625,-8.659027777777778,5.699951171875,-350.9000244140625,191.62650317606034,208.57654126820546,0
1,12.422940731048584,-4.0,-370.0,-0.0515625,-8.659027777777778,4.5,-349.5999755859375,191.62650317606034,208.57654126820546,0
1,12.429807186126709,-4.0,-370.0,-0.0515625,-8.659027777777778,3.9000244140625,-350.199951171875,191.62650317606034,208.57654126820546,0
1,12.436748266220093,-4.0,-370.0,-0.0515625,-8.659027777777778,3.0,-348.9000244140625,191.62650317606034,208.57654126820546,0
1,12.443714141845703,-4.0,-370.0,-0.0515625,-8.659027777777778,3.300048828125,-348.4000244140625,191.62650317606034,208.57654126820546,0
1,12.450634241104126,-4.0,-370.0,-0.0515625,-8.659027777777778,4.4000244140625,-348.9000244140625,191.62650317606034,208.57654126820546,0
1,12.4575834274292,-4.0,-370.0,-0.0515625,-8.659027777777778,3.5,-346.199951171875,191.62650317606034,208.57654126820546,0
1,12.464519500732422,-4.0,-370.0,-0.0515625,-8.659027777777778,3.300048828125,-346.5999755859375,191.62650317606034,208.57654126820546,0
1,12.471467018127441,-4.0,-370.0,-0.0515625,-8.659027777777778,3.699951171875,-344.5,191.62650317606034,208.57654126820546,0
1,12.47818922996521,-4.0,-370.0,-0.0515625,-8.659027777777778,4.300048828125,-346.300048828125,191.62650317606034,208.57654126820546,0
1,12.485591411590576,-4.0,-370.0,-0.0515625,-8.659027777777778,4.699951171875,-342.199951171875,191.62650317606034,208.57654126820546,0
1,12.49250316619873,-4.0,-370.0,-0.0515625,-8.659027777777778,4.9000244140625,-343.9000244140625,191.62650317606034,208.57654126820546,0
1,12.499432802200317,-4.0,-370.0,-0.0515625,-8.659027777777778,2.800048828125,-342.9000244140625,191.62650317606034,208.57654126820546,0
1,12.506351709365845,-4.0,-370.0,-0.0515625,-8.659027777777778,4.5999755859375,-340.5999755859375,191.62650317606034,208.57654126820546,0
1,12.513371229171753,-4.0,-370.0,-0.0515625,-8.659027777777778,3.199951171875,-343.5,191.62650317606034,208.57654126820546,0
1,12.520200729370117,-4.0,-370.0,-0.0515625,-8.659027777777778,5.300048828125,-341.5,191.62650317606034,208.57654126820546,0
1,12.527250528335571,-4.0,-370.0,-0.0515625,-8.659027777777778,2.0,-343.300048828125,191.62650317606034,208.57654126820546,0
1,12.534162998199463,-4.0,-370.0,-0.0515625,-8.659027777777778,4.0999755859375,-342.5999755859375,191.62650317606034,208.57654126820546,0
1,12.541107892990112,-4.0,-370.0,-0.0515625,-8.659027777777778,4.0999755859375,-341.5,191.62650317606034,208.57654126820546,0
1,12.548168897628784,-4.0,-369.0,-0.0515625,-8.635625000000001,1.9000244140625,-342.699951171875,191.62650317606034,208.57654126820546,0
1,12.55502986907959,-4.0,-369.0,-0.0515625,-8.635625000000001,5.199951171875,-340.5999755859375,191.62650317606034,208.57654126820546,0
1,12.56216835975647,-4.0,-368.0,-0.0515625,-8.612222222222222,3.800048828125,-342.199951171875,191.62650317606034,208.57654126820546,0
1,12.569165706634521,-4.0,-368.0,-0.0515625,-8.612222222222222,3.4000244140625,-343.800048828125,191.62650317606034,208.57654126820546,0
1,12.576006650924683,-3.0,-367.0,-0.038671874999999994,-8.588819444444445,0.800048828125,-344.699951171875,191.62650317606034,208.57654126820546,0
1,12.583160877227783,-3.0,-367.0,-0.038671874999999994,-8.588819444444445,3.300048828125,-344.199951171875,191.62650317606034,208.57654126820546,0
1,12.590135335922241,-2.0,-366.0,-0.02578125,-8.565416666666668,3.699951171875,-343.199951171875,191.62650317606034,208.57654126820546,1
1,12.597166776657104,-2.0,-365.0,-0.02578125,-8.542013888888889,6.199951171875,-341.199951171875,191.62650317606034,208.57654126820546,1
1,12.60310959815979,-1.0,-365.0,-0.012890625,-8.542013888888889,5.800048828125,-343.5,191.62650317606034,208.57654126820546,1
1,12.610116720199585,-1.0,-364.0,-0.012890625,-8.518611111111111,5.4000244140625,-344.300048828125,191.62650317606034,208.57654126820546,1
1,12.617011785507202,0.0,-364.0,0.0,-8.518611111111111,5.5999755859375,-344.4000244140625,191.62650317606034,208.57654126820546,1
1,12.624155282974243,0.0,-363.0,0.0,-8.495208333333334,9.800048828125,-340.5,191.62650317606034,208.57654126820546,1
1,12.631169319152832,0.0,-363.0,0.0,-8.495208333333334,9.199951171875,-342.199951171875,191.62650317606034,208.57654126820546,1
1,12.638163089752197,1.0,-362.0,0.012890625,-8.471805555555557,8.0,-340.199951171875,191.62650317606034,208.57654126820546,1
1,12.645302534103394,1.0,-362.0,0.012890625,-8.471805555555557,8.9000244140625,-337.699951171875,191.62650317606034,208.57654126820546,1
1,12.652233600616455,1.0,-362.0,0.012890625,-8.471805555555557,8.199951171875,-340.199951171875,191.62650317606034,208.57654126820546,1
1,12.659176588058472,1.0,-362.0,0.012890625,-8.471805555555557,5.5999755859375,-341.0,191.62650317606034,208.57654126820546,1
1,12.66616702079773,1.0,-362.0,0.012890625,-8.471805555555557,4.5,-341.5999755859375,191.62650317606034,208.57654126820546,1
1,12.673158407211304,1.0,-362.0,0.012890625,-8.471805555555557,6.0999755859375,-339.699951171875,191.62650317606034,208.57654126820546,1
1,12.679981231689453,1.0,-362.0,0.012890625,-8.471805555555557,6.5,-338.9000244140625,191.62650317606034,208.57654126820546,1
1,12.686930656433105,1.0,-362.0,0.012890625,-8.471805555555557,4.5,-338.9000244140625,191.62650317606034,208.57654126820546,1
1,12.693894863128662,1.0,-362.0,0.012890625,-8.471805555555557,7.0999755859375,-339.699951171875,191.62650317606034,208.57654126820546,1
1,12.70082974433899,1.0,-362.0,0.012890625,-8.471805555555557,8.4000244140625,-339.300048828125,191.62650317606034,208.57654126820546,1
1,12.707785367965698,1.0,-362.0,0.012890625,-8.471805555555557,7.0,-339.5,191.62650317606034,208.57654126820546,1
1,12.714717864990234,1.0,-362.0,0.012890625,-8.471805555555557,9.199951171875,-336.5,191.62650317606034,208.57654126820546,1
1,12.721673011779785,1.0,-362.0,0.012890625,-8.471805555555557,8.699951171875,-338.300048828125,191.62650317606034,208.57654126820546,1
1,12.728614568710327,1.0,-362.0,0.012890625,-8.471805555555557,11.0999755859375,-335.199951171875,191.62650317606034,208.57654126820546,1
1,12.735554456710815,1.0,-362.0,0.012890625,-8.471805555555557,10.300048828125,-338.4000244140625,191.62650317606034,208.57654126820546,1
1,12.742020606994629,1.0,-362.0,0.012890625,-8.471805555555557,9.800048828125,-338.5,191.62650317606034,208.57654126820546,1
1,12.74947214126587,1.0,-362.0,0.012890625,-8.471805555555557,11.0,-336.5,191.62650317606034,208.57654126820546,1
1,12.756378650665283,1.0,-362.0,0.012890625,-8.471805555555557,10.199951171875,-339.5,191.62650317606034,208.57654126820546,1
1,12.763004779815674,2.0,-362.0,0.02578125,-8.471805555555557,11.300048828125,-336.5999755859375,191.62650317606034,208.57654126820546,1
1,12.770308494567871,2.0,-362.0,0.02578125,-8.471805555555557,11.199951171875,-337.800048828125,191.62650317606034,208.57654126820546,1
1,12.777230024337769,2.0,-362.0,0.02578125,-8.471805555555557,11.300048828125,-338.4000244140625,191.62650317606034,208.57654126820546,1
1,12.784170866012573,2.0,-362.0,0.02578125,-8.471805555555557,10.199951171875,-338.0,191.62650317606034,208.57654126820546,1
1,12.791159868240356,2.0,-362.0,0.02578125,-8.471805555555557,10.300048828125,-337.699951171875,191.62650317606034,208.57654126820546,1
1,12.798040628433228,2.0,-362.0,0.02578125,-8.471805555555557,9.199951171875,-339.0999755859375,191.62650317606034,208.57654126820546,1
1,12.804945230484009,2.0,-362.0,0.02578125,-8.471805555555557,8.9000244140625,-341.199951171875,191.62650317606034,208.57654126820546,1
1,12.811935186386108,2.0,-362.0,0.02578125,-8.471805555555557,8.9000244140625,-338.5,191.62650317606034,208.57654126820546,1
1,12.818885326385498,2.0,-362.0,0.02578125,-8.471805555555557,9.0999755859375,-338.699951171875,191.62650317606034,208.57654126820546,1
1,12.825777053833008,2.0,-362.0,0.02578125,-8.471805555555557,11.0999755859375,-338.9000244140625,191.62650317606034,208.57654126820546,1
1,12.832812070846558,2.0,-362.0,0.02578125,-8.471805555555557,9.0999755859375,-339.9000244140625,191.62650317606034,208.57654126820546,1
1,12.839709520339966,2.0,-362.0,0.02578125,-8.471805555555557,8.5999755859375,-338.9000244140625,191.62650317606034,208.57654126820546,1
1,12.846679925918579,2.0,-362.0,0.02578125,-8.471805555555557,11.4000244140625,-338.9000244140625,191.62650317606034,208.57654126820546,1
1,12.85360050201416,2.0,-362.0,0.02578125,-8.471805555555557,11.5,-337.4000244140625,191.62650317606034,208.57654126820546,1
1,12.860568284988403,2.0,-362.0,0.02578125,-8.471805555555557,8.199951171875,-340.0999755859375,191.62650317606034,208.57654126820546,1
1,12.867502927780151,2.0,-362.0,0.02578125,-8.471805555555557,9.5,-339.699951171875,191.62650317606034,208.57654126820546,1
1,12.874440670013428,2.0,-362.0,0.02578125,-8.471805555555557,8.800048828125,-339.9000244140625,191.62650317606034,208.57654126820546,1
1,12.881384372711182,2.0,-362.0,0.02578125,-8.471805555555557,11.9000244140625,-338.0999755859375,191.62650317606034,208.57654126820546,1
1,12.88832950592041,2.0,-362.0,0.02578125,-8.471805555555557,9.199951171875,-339.0,191.62650317606034,208.57654126820546,1
1,12.895278215408325,2.0,-362.0,0.02578125,-8.471805555555557,9.199951171875,-339.0,191.62650317606034,208.57654126820546,1
1,12.902227878570557,2.0,-362.0,0.02578125,-8.471805555555557,9.699951171875,-340.5,191.62650317606034,208.57654126820546,1
1,12.909169673919678,2.0,-362.0,0.02578125,-8.471805555555557,10.699951171875,-340.199951171875,191.62650317606034,208.57654126820546,1
1,12.916062831878662,2.0,-362.0,0.02578125,-8.471805555555557,10.9000244140625,-340.199951171875,191.62650317606034,208.57654126820546,1
1,12.923082828521729,2.0,-362.0,0.02578125,-8.471805555555557,9.5,-339.9000244140625,191.62650317606034,208.57654126820546,1
1,12.929984331130981,2.0,-362.0,0.02578125,-8.471805555555557,9.9000244140625,-339.0,191.62650317606034,208.57654126820546,1
1,12.936933279037476,2.0,-362.0,0.02578125,-8.471805555555557,9.4000244140625,-341.5,191.62650317606034,208.57654126820546,1
1,12.94389295578003,2.0,-362.0,0.02578125,-8.471805555555557,9.800048828125,-340.199951171875,191.62650317606034,208.57654126820546,1
1,12.950820684432983,2.0,-362.0,0.02578125,-8.471805555555557,8.5,-337.300048828125,191.62650317606034,208.57654126820546,1
1,12.957775354385376,2.0,-362.0,0.02578125,-8.471805555555557,6.699951171875,-339.699951171875,191.62650317606034,208.57654126820546,1
1,12.964712858200073,2.0,-362.0,0.02578125,-8.471805555555557,8.9000244140625,-337.9000244140625,191.62650317606034,208.57654126820546,1
1,12.971666097640991,2.0,-362.0,0.02578125,-8.471805555555557,8.4000244140625,-340.699951171875,191.62650317606034,208.57654126820546,1
1,12.978631258010864,2.0,-362.0,0.02578125,-8.471805555555557,8.5,-340.0999755859375,191.62650317606034,208.57654126820546,1
1,12.985555648803711,2.0,-362.0,0.02578125,-8.471805555555557,7.699951171875,-340.699951171875,191.62650317606034,208.57654126820546,1
1,12.992499828338623,2.0,-362.0,0.02578125,-8.471805555555557,7.5999755859375,-339.800048828125,191.62650317606034,208.57654126820546,1
1,12.999440670013428,2.0,-362.0,0.02578125,-8.471805555555557,8.9000244140625,-341.9000244140625,191.62650317606034,208.57654126820546,1
1,13.006402254104614,2.0,-362.0,0.02578125,-8.471805555555557,7.9000244140625,-340.699951171875,191.62650317606034,208.57654126820546,1
1,13.01332950592041,2.0,-362.0,0.02578125,-8.471805555555557,8.0999755859375,-339.5999755859375,191.62650317606034,208.57654126820546,1
1,13.020230770111084,2.0,-362.0,0.02578125,-8.471805555555557,7.5999755859375,-340.4000244140625,191.62650317606034,208.57654126820546,1
1,13.027253866195679,2.0,-362.0,0.02578125,-8.471805555555557,7.9000244140625,-340.0999755859375,191.62650317606034,208.57654126820546,1
1,13.034183502197266,2.0,-362.0,0.02578125,-8.471805555555557,8.699951171875,-339.9000244140625,191.62650317606034,208.57654126820546,1
1,13.041113376617432,2.0,-362.0,0.02578125,-8.471805555555557,6.800048828125,-340.199951171875,191.62650317606034,208.57654126820546,1
1,13.048057317733765,2.0,-362.0,0.02578125,-8.471805555555557,5.800048828125,-342.0999755859375,191.62650317606034,208.57654126820546,1
1,13.054992198944092,2.0,-362.0,0.02578125,-8.471805555555557,5.5999755859375,-341.0999755859375,191.62650317606034,208.57654126820546,1
1,13.061933517456055,2.0,-362.0,0.02578125,-8.471805555555557,6.0,-339.199951171875,191.62650317606034,208.57654126820546,1
1,13.068886280059814,2.0,-362.0,0.02578125,-8.471805555555557,5.5999755859375,-339.800048828125,191.62650317606034,208.57654126820546,1
1,13.075831174850464,2.0,-362.0,0.02578125,-8.471805555555557,7.300048828125,-338.300048828125,191.62650317606034,208.57654126820546,1
1,13.082783460617065,2.0,-362.0,0.02578125,-8.471805555555557,5.5999755859375,-339.0,191.62650317606034,208.57654126820546,1
1,13.089706659317017,2.0,-362.0,0.02578125,-8.471805555555557,6.5999755859375,-339.199951171875,191.62650317606034,208.57654126820546,1
1,13.096666097640991,2.0,-362.0,0.02578125,-8.471805555555557,7.4000244140625,-339.0,191.62650317606034,208.57654126820546,1
1,13.103879451751709,2.0,-362.0,0.02578125,-8.471805555555557,6.4000244140625,-338.5,191.62650317606034,208.57654126820546,1
1,13.110971212387085,2.0,-362.0,0.02578125,-8.471805555555557,6.0999755859375,-338.300048828125,191.62650317606034,208.57654126820546,1
1,13.117521047592163,2.0,-362.0,0.02578125,-8.471805555555557,6.800048828125,-338.300048828125,191.62650317606034,208.57654126820546,1
1,13.124364376068115,2.0,-362.0,0.02578125,-8.471805555555557,7.5999755859375,-337.5999755859375,191.62650317606034,208.57654126820546,1
1,13.13141131401062,2.0,-362.0,0.02578125,-8.471805555555557,7.800048828125,-337.0999755859375,191.62650317606034,208.57654126820546,1
1,13.13832950592041,2.0,-362.0,0.02578125,-8.471805555555557,7.5,-338.0,191.62650317606034,208.57654126820546,1
1,13.145284414291382,2.0,-362.0,0.02578125,-8.471805555555557,7.199951171875,-337.199951171875,191.62650317606034,208.57654126820546,1
1,13.152224779129028,2.0,-362.0,0.02578125,-8.471805555555557,6.0999755859375,-337.9000244140625,191.62650317606034,208.57654126820546,1
1,13.159177780151367,2.0,-362.0,0.02578125,-8.471805555555557,8.0,-339.800048828125,191.62650317606034,208.57654126820546,1
1,13.166130781173706,2.0,-362.0,0.02578125,-8.471805555555557,8.300048828125,-338.5,191.62650317606034,208.57654126820546,1
1,13.173038005828857,2.0,-362.0,0.02578125,-8.471805555555557,8.0999755859375,-338.0,191.62650317606034,208.57654126820546,1
1,13.179989337921143,2.0,-362.0,0.02578125,-8.471805555555557,6.699951171875,-339.0999755859375,191.62650317606034,208.57654126820546,1
1,13.186927318572998,2.0,-362.0,0.02578125,-8.471805555555557,6.199951171875,-338.800048828125,191.62650317606034,208.57654126820546,1
1,13.193892478942871,2.0,-362.0,0.02578125,-8.471805555555557,6.800048828125,-338.0,191.62650317606034,208.57654126820546,1
1,13.200810670852661,2.0,-362.0,0.02578125,-8.471805555555557,5.0999755859375,-340.0999755859375,191.62650317606034,208.57654126820546,1
1,13.207791328430176,2.0,-362.0,0.02578125,-8.471805555555557,5.199951171875,-338.5999755859375,191.62650317606034,208.57654126820546,1
1,13.214723348617554,2.0,-362.0,0.02578125,-8.471805555555557,7.199951171875,-339.5999755859375,191.62650317606034,208.57654126820546,1
1,13.221616268157959,2.0,-362.0,0.02578125,-8.471805555555557,4.699951171875,-341.800048828125,191.62650317606034,208.57654126820546,1
1,13.228606939315796,2.0,-362.0,0.02578125,-8.471805555555557,6.5999755859375,-340.5,191.62650317606034,208.57654126820546,1
1,13.235560417175293,2.0,-362.0,0.02578125,-8.471805555555557,6.699951171875,-338.699951171875,191.62650317606034,208.57654126820546,1
1,13.242505073547363,2.0,-362.0,0.02578125,-8.471805555555557,7.699951171875,-343.0,191.62650317606034,208.57654126820546,1
1,13.24944806098938,2.0,-362.0,0.02578125,-8.471805555555557,7.800048828125,-341.0,191.62650317606034,208.57654126820546,1
1,13.25639271736145,2.0,-362.0,0.02578125,-8.471805555555557,6.4000244140625,-340.0,191.62650317606034,208.57654126820546,1
1,13.263333559036255,2.0,-362.0,0.02578125,-8.471805555555557,8.300048828125,-340.0999755859375,191.62650317606034,208.57654126820546,1
1,13.270294904708862,2.0,-362.0,0.02578125,-8.471805555555557,7.0,-340.0999755859375,191.62650317606034,208.57654126820546,1
1,13.277228116989136,2.0,-362.0,0.02578125,-8.471805555555557,9.699951171875,-340.699951171875,191.62650317606034,208.57654126820546,1
1,13.284172773361206,2.0,-362.0,0.02578125,-8.471805555555557,7.300048828125,-341.300048828125,191.62650317606034,208.57654126820546,1
1,13.291122913360596,2.0,-362.0,0.02578125,-8.471805555555557,12.0999755859375,-339.5999755859375,191.62650317606034,208.57654126820546,1
1,13.29803991317749,2.0,-362.0,0.02578125,-8.471805555555557,11.0,-340.800048828125,191.62650317606034,208.57654126820546,1
1,13.304984331130981,2.0,-362.0,0.02578125,-8.471805555555557,10.0999755859375,-341.199951171875,191.62650317606034,208.57654126820546,1
1,13.311930179595947,2.0,-362.0,0.02578125,-8.471805555555557,9.800048828125,-342.5,191.62650317606034,208.57654126820546,1
1,13.31887936592102,2.0,-362.0,0.02578125,-8.471805555555557,10.0,-340.300048828125,191.62650317606034,208.57654126820546,1
1,13.325772523880005,2.0,-362.0,0.02578125,-8.471805555555557,8.699951171875,-341.4000244140625,191.62650317606034,208.57654126820546,1
1,13.332797765731812,2.0,-362.0,0.02578125,-8.471805555555557,8.699951171875,-339.199951171875,191.62650317606034,208.57654126820546,1
1,13.33971095085144,2.0,-362.0,0.02578125,-8.471805555555557,7.699951171875,-340.5999755859375,191.62650317606034,208.57654126820546,1
1,13.34668231010437,2.0,-362.0,0.02578125,-8.471805555555557,8.300048828125,-339.5,191.62650317606034,208.57654126820546,1
1,13.353650093078613,2.0,-362.0,0.02578125,-8.471805555555557,8.0999755859375,-338.9000244140625,191.62650317606034,208.57654126820546,1
1,13.360564947128296,2.0,-362.0,0.02578125,-8.471805555555557,8.699951171875,-340.4000244140625,191.62650317606034,208.57654126820546,1
1,13.36750078201294,2.0,-362.0,0.02578125,-8.471805555555557,6.300048828125,-338.4000244140625,191.62650317606034,208.57654126820546,1
1,13.374453783035278,2.0,-362.0,0.02578125,-8.471805555555557,7.699951171875,-338.4000244140625,191.62650317606034,208.57654126820546,1
1,13.381382465362549,2.0,-362.0,0.02578125,-8.471805555555557,7.300048828125,-338.0999755859375,191.62650317606034,208.57654126820546,1
1,13.388328552246094,2.0,-362.0,0.02578125,-8.471805555555557,10.0999755859375,-338.5,191.62650317606034,208.57654126820546,1
1,13.39528512954712,2.0,-362.0,0.02578125,-8.471805555555557,8.4000244140625,-339.4000244140625,191.62650317606034,208.57654126820546,1
1,13.402232885360718,2.0,-362.0,0.02578125,-8.471805555555557,6.0,-336.5,191.62650317606034,208.57654126820546,1
1,13.40917444229126,2.0,-362.0,0.02578125,-8.471805555555557,6.300048828125,-339.199951171875,191.62650317606034,208.57654126820546,1
1,13.416125059127808,2.0,-362.0,0.02578125,-8.471805555555557,8.699951171875,-337.4000244140625,191.62650317606034,208.57654126820546,1
1,13.423032522201538,2.0,-362.0,0.02578125,-8.471805555555557,8.5999755859375,-336.199951171875,191.62650317606034,208.57654126820546,1
1,13.429938554763794,2.0,-362.0,0.02578125,-8.471805555555557,8.4000244140625,-335.4000244140625,191.62650317606034,208.57654126820546,1
1,13.436953783035278,2.0,-362.0,0.02578125,-8.471805555555557,8.0999755859375,-336.300048828125,191.62650317606034,208.57654126820546,1
1,13.443897247314453,2.0,-362.0,0.02578125,-8.471805555555557,8.9000244140625,-335.699951171875,191.62650317606034,208.57654126820546,1
1,13.45083236694336,2.0,-362.0,0.02578125,-8.471805555555557,8.199951171875,-333.699951171875,191.62650317606034,208.57654126820546,1
1,13.457778215408325,2.0,-362.0,0.02578125,-8.471805555555557,7.800048828125,-336.5999755859375,191.62650317606034,208.57654126820546,1
1,13.464725255966187,2.0,-362.0,0.02578125,-8.471805555555557,7.0,-334.0,191.62650317606034,208.57654126820546,1
1,13.471675395965576,2.0,-362.0,0.02578125,-8.471805555555557,6.9000244140625,-332.699951171875,191.62650317606034,208.57654126820546,1
1,13.478631258010864,2.0,-362.0,0.02578125,-8.471805555555557,6.9000244140625,-332.4000244140625,191.62650317606034,208.57654126820546,1
1,13.48555588722229,2.0,-362.0,0.02578125,-8.471805555555557,4.0,-333.5999755859375,191.62650317606034,208.57654126820546,1
1,13.492501258850098,2.0,-362.0,0.02578125,-8.471805555555557,4.199951171875,-333.9000244140625,191.62650317606034,208.57654126820546,1
1,13.499443531036377,2.0,-362.0,0.02578125,-8.471805555555557,4.5,-332.199951171875,191.62650317606034,208.57654126820546,1
1,13.506408214569092,2.0,-362.0,0.02578125,-8.471805555555557,3.199951171875,-333.300048828125,191.62650317606034,208.57654126820546,1
1,13.51333737373352,2.0,-362.0,0.02578125,-8.471805555555557,3.9000244140625,-330.300048828125,191.62650317606034,208.57654126820546,1
1,13.520290851593018,2.0,-362.0,0.02578125,-8.471805555555557,5.5999755859375,-331.9000244140625,191.62650317606034,208.57654126820546,1
1,13.527235746383667,2.0,-362.0,0.02578125,-8.471805555555557,1.800048828125,-331.5,191.62650317606034,208.57654126820546,1
1,13.534095287322998,2.0,-362.0,0.02578125,-8.471805555555557,3.699951171875,-330.4000244140625,191.62650317606034,208.57654126820546,1
1,13.54112458229065,2.0,-362.0,0.02578125,-8.471805555555557,4.699951171875,-328.9000244140625,191.62650317606034,208.57654126820546,1
1,13.548129081726074,2.0,-362.0,0.02578125,-8.471805555555557,2.4000244140625,-328.4000244140625,191.62650317606034,208.57654126820546,1
1,13.555564165115356,2.0,-362.0,0.02578125,-8.471805555555557,1.300048828125,-328.5999755859375,191.62650317606034,208.57654126820546,1
1,13.561456680297852,2.0,-362.0,0.02578125,-8.471805555555557,1.300048828125,-329.0,191.62650317606034,208.57654126820546,1
1,13.56892991065979,2.0,-362.0,0.02578125,-8.471805555555557,2.5999755859375,-329.5,191.62650317606034,208.57654126820546,1
1,13.575932025909424,2.0,-362.0,0.02578125,-8.471805555555557,2.0999755859375,-328.4000244140625,191.62650317606034,208.57654126820546,1
1,13.582863092422485,2.0,-362.0,0.02578125,-8.471805555555557,1.5,-327.5,191.62650317606034,208.57654126820546,1
1,13.589799642562866,2.0,-362.0,0.02578125,-8.471805555555557,0.5,-328.699951171875,191.62650317606034,208.57654126820546,1
1,13.596722602844238,2.0,-362.0,0.02578125,-8.471805555555557,0.199951171875,-328.0,191.62650317606034,208.57654126820546,1
1,13.604285717010498,2.0,-362.0,0.02578125,-8.471805555555557,0.5999755859375,-326.0,191.62650317606034,208.57654126820546,1
1,13.610814332962036,2.0,-362.0,0.02578125,-8.471805555555557,-0.300048828125,-325.5,191.62650317606034,208.57654126820546,1
1,13.617525815963745,2.0,-362.0,0.02578125,-8.471805555555557,-0.5999755859375,-327.199951171875,191.62650317606034,208.57654126820546,1
1,13.624445915222168,2.0,-362.0,0.02578125,-8.471805555555557,1.0999755859375,-324.5999755859375,191.62650317606034,208.57654126820546,1
1,13.631354570388794,2.0,-362.0,0.02578125,-8.471805555555557,0.0,-323.0,191.62650317606034,208.57654126820546,1
1,13.638392925262451,2.0,-362.0,0.02578125,-8.471805555555557,-0.9000244140625,-322.0999755859375,191.62650317606034,208.57654126820546,1
1,13.645289659500122,2.0,-362.0,0.02578125,-8.471805555555557,0.300048828125,-322.9000244140625,191.62650317606034,208.57654126820546,1
1,13.652239084243774,2.0,-362.0,0.02578125,-8.471805555555557,-1.5999755859375,-323.199951171875,191.62650317606034,208.57654126820546,1
1,13.659188032150269,2.0,-362.0,0.02578125,-8.471805555555557,-0.800048828125,-321.9000244140625,191.62650317606034,208.57654126820546,1
1,13.666135787963867,2.0,-362.0,0.02578125,-8.471805555555557,-2.5,-323.199951171875,191.62650317606034,208.57654126820546,1
1,13.6730637550354,2.0,-362.0,0.02578125,-8.471805555555557,-2.699951171875,-321.4000244140625,191.62650317606034,208.57654126820546,1
1,13.68000316619873,2.0,-362.0,0.02578125,-8.471805555555557,-3.9000244140625,-324.4000244140625,191.62650317606034,208.57654126820546,1
1,13.686941146850586,2.0,-362.0,0.02578125,-8.471805555555557,-2.199951171875,-323.0999755859375,191.62650317606034,208.57654126820546,1
1,13.69390058517456,2.0,-362.0,0.02578125,-8.471805555555557,-5.199951171875,-325.5,191.62650317606034,208.57654126820546,1
1,13.700843095779419,2.0,-362.0,0.02578125,-8.471805555555557,-2.699951171875,-326.800048828125,191.62650317606034,208.57654126820546,1
1,13.707788705825806,2.0,-362.0,0.02578125,-8.471805555555557,-3.0,-325.5,191.62650317606034,208.57654126820546,1
1,13.71473503112793,2.0,-362.0,0.02578125,-8.471805555555557,-3.5999755859375,-329.0,191.62650317606034,208.57654126820546,1
1,13.721688985824585,2.0,-362.0,0.02578125,-8.471805555555557,-3.300048828125,-327.699951171875,191.62650317606034,208.57654126820546,1
1,13.728629350662231,2.0,-362.0,0.02578125,-8.471805555555557,-3.199951171875,-326.4000244140625,191.62650317606034,208.57654126820546,1
1,13.735536575317383,2.0,-362.0,0.02578125,-8.471805555555557,-3.199951171875,-327.0999755859375,191.62650317606034,208.57654126820546,1
1,13.742543935775757,2.0,-362.0,0.02578125,-8.471805555555557,-2.5,-329.0,191.62650317606034,208.57654126820546,1
1,13.749449253082275,2.0,-362.0,0.02578125,-8.471805555555557,-2.5,-327.5999755859375,191.62650317606034,208.57654126820546,1
1,13.756398439407349,2.0,-362.0,0.02578125,-8.471805555555557,0.0,-326.5999755859375,191.62650317606034,208.57654126820546,1
1,13.763347148895264,2.0,-362.0,0.02578125,-8.471805555555557,-0.5,-326.300048828125,191.62650317606034,208.57654126820546,1
1,13.770307302474976,2.0,-362.0,0.02578125,-8.471805555555557,-1.300048828125,-325.300048828125,191.62650317606034,208.57654126820546,1
1,13.777239084243774,2.0,-362.0,0.02578125,-8.471805555555557,-2.0999755859375,-326.199951171875,191.62650317606034,208.57654126820546,1
1,13.784196376800537,2.0,-362.0,0.02578125,-8.471805555555557,-0.300048828125,-325.5,191.62650317606034,208.57654126820546,1
1,13.791130304336548,2.0,-362.0,0.02578125,-8.471805555555557,-0.699951171875,-326.199951171875,191.62650317606034,208.57654126820546,1
1,13.79806923866272,2.0,-362.0,0.02578125,-8.471805555555557,-2.0,-325.199951171875,191.62650317606034,208.57654126820546,1
1,13.804999828338623,2.0,-362.0,0.02578125,-8.471805555555557,-0.199951171875,-326.5999755859375,191.62650317606034,208.57654126820546,1
1,13.811948299407959,2.0,-362.0,0.02578125,-8.471805555555557,-1.4000244140625,-324.300048828125,191.62650317606034,208.57654126820546,1
1,13.818888187408447,2.0,-362.0,0.02578125,-8.471805555555557,-2.4000244140625,-326.0999755859375,191.62650317606034,208.57654126820546,1
1,13.825836896896362,2.0,-362.0,0.02578125,-8.471805555555557,-2.0999755859375,-327.5999755859375,191.62650317606034,208.57654126820546,1
1,13.832789897918701,2.0,-362.0,0.02578125,-8.471805555555557,-1.5999755859375,-326.4000244140625,191.62650317606034,208.57654126820546,1
1,13.839669704437256,2.0,-362.0,0.02578125,-8.471805555555557,-0.5999755859375,-326.4000244140625,191.62650317606034,208.57654126820546,1
1,13.846705198287964,2.0,-362.0,0.02578125,-8.471805555555557,-1.0999755859375,-327.699951171875,191.62650317606034,208.57654126820546,1
1,13.8536696434021,2.0,-362.0,0.02578125,-8.471805555555557,-0.199951171875,-329.4000244140625,191.62650317606034,208.57654126820546,1
1,13.860570430755615,2.0,-362.0,0.02578125,-8.471805555555557,1.0999755859375,-328.0999755859375,191.62650317606034,208.57654126820546,1
1,13.867513656616211,2.0,-362.0,0.02578125,-8.471805555555557,0.0,-329.0,191.62650317606034,208.57654126820546,1
1,13.874476432800293,2.0,-362.0,0.02578125,-8.471805555555557,0.300048828125,-328.199951171875,191.62650317606034,208.57654126820546,1
1,13.881402492523193,2.0,-362.0,0.02578125,-8.471805555555557,3.699951171875,-328.699951171875,191.62650317606034,208.57654126820546,1
1,13.888357400894165,2.0,-362.0,0.02578125,-8.471805555555557,1.0999755859375,-328.800048828125,191.62650317606034,208.57654126820546,1
1,13.895303964614868,2.0,-362.0,0.02578125,-8.471805555555557,2.699951171875,-328.0,191.62650317606034,208.57654126820546,1
1,13.90225601196289,2.0,-362.0,0.02578125,-8.471805555555557,4.199951171875,-327.800048828125,191.62650317606034,208.57654126820546,1
1,13.909188270568848,2.0,-362.0,0.02578125,-8.471805555555557,2.0999755859375,-328.199951171875,191.62650317606034,208.57654126820546,1
1,13.916153907775879,2.0,-362.0,0.02578125,-8.471805555555557,5.4000244140625,-329.0,191.62650317606034,208.57654126820546,1
1,13.923064231872559,2.0,-362.0,0.02578125,-8.471805555555557,3.0999755859375,-330.5,191.62650317606034,208.57654126820546,1
1,13.929999589920044,2.0,-362.0,0.02578125,-8.471805555555557,4.0,-330.5999755859375,191.62650317606034,208.57654126820546,1
1,13.936942338943481,2.0,-362.0,0.02578125,-8.471805555555557,4.699951171875,-328.9000244140625,191.62650317606034,208.57654126820546,1
1,13.943853616714478,2.0,-362.0,0.02578125,-8.471805555555557,5.199951171875,-330.300048828125,191.62650317606034,208.57654126820546,1
1,13.95086121559143,2.0,-362.0,0.02578125,-8.471805555555557,5.4000244140625,-328.199951171875,191.62650317606034,208.57654126820546,1
1,13.957802534103394,2.0,-362.0,0.02578125,-8.471805555555557,4.4000244140625,-327.800048828125,191.62650317606034,208.57654126820546,1
1,13.964728116989136,2.0,-362.0,0.02578125,-8.471805555555557,5.300048828125,-330.5,191.62650317606034,208.57654126820546,1
1,13.971688985824585,2.0,-362.0,0.02578125,-8.471805555555557,6.5999755859375,-329.199951171875,191.62650317606034,208.57654126820546,1
1,13.978633403778076,2.0,-362.0,0.02578125,-8.471805555555557,6.5999755859375,-329.5999755859375,191.62650317606034,208.57654126820546,1
1,13.985587358474731,2.0,-362.0,0.02578125,-8.471805555555557,6.699951171875,-329.5,191.62650317606034,208.57654126820546,1
1,13.992516994476318,2.0,-362.0,0.02578125,-8.471805555555557,7.5999755859375,-327.800048828125,191.62650317606034,208.57654126820546,1
1,13.999454736709595,2.0,-362.0,0.02578125,-8.471805555555557,6.300048828125,-331.4000244140625,191.62650317606034,208.57654126820546,1
1,14.006402969360352,2.0,-362.0,0.02578125,-8.471805555555557,7.5,-328.0,191.62650317606034,208.57654126820546,1
1,14.013314247131348,2.0,-362.0,0.02578125,-8.471805555555557,8.300048828125,-328.800048828125,191.62650317606034,208.57654126820546,1
1,14.02030611038208,2.0,-362.0,0.02578125,-8.471805555555557,8.5999755859375,-328.699951171875,191.62650317606034,208.57654126820546,1
1,14.027233362197876,2.0,-362.0,0.02578125,-8.471805555555557,8.0,-328.4000244140625,191.62650317606034,208.57654126820546,1
1,14.034177303314209,2.0,-362.0,0.02578125,-8.471805555555557,9.199951171875,-330.300048828125,191.62650317606034,208.57654126820546,1
1,14.041069030761719,2.0,-362.0,0.02578125,-8.471805555555557,9.9000244140625,-325.4000244140625,191.62650317606034,208.57654126820546,1
1,14.048192977905273,2.0,-362.0,0.02578125,-8.471805555555557,10.5,-326.4000244140625,191.62650317606034,208.57654126820546,1
1,14.055186986923218,2.0,-362.0,0.02578125,-8.471805555555557,10.800048828125,-326.199951171875,191.62650317606034,208.57654126820546,1
1,14.061946630477905,2.0,-362.0,0.02578125,-8.471805555555557,11.5999755859375,-328.5,191.62650317606034,208.57654126820546,1
1,14.06889271736145,2.0,-362.0,0.02578125,-8.471805555555557,9.300048828125,-328.9000244140625,191.62650317606034,208.57654126820546,1
1,14.07583498954773,2.0,-362.0,0.02578125,-8.471805555555557,10.5999755859375,-326.699951171875,191.62650317606034,208.57654126820546,1
1,14.082784175872803,2.0,-362.0,0.02578125,-8.471805555555557,11.5,-326.699951171875,191.62650317606034,208.57654126820546,1
1,14.08972954750061,2.0,-362.0,0.02578125,-8.471805555555557,9.800048828125,-326.0999755859375,191.62650317606034,208.57654126820546,1
1,14.096669673919678,2.0,-362.0,0.02578125,-8.471805555555557,11.5999755859375,-328.9000244140625,191.62650317606034,208.57654126820546,1
1,14.10361933708191,2.0,-362.0,0.02578125,-8.471805555555557,9.4000244140625,-327.300048828125,191.62650317606034,208.57654126820546,1
1,14.110694169998169,2.0,-362.0,0.02578125,-8.471805555555557,11.0,-327.4000244140625,191.62650317606034,208.57654126820546,1
1,14.117526769638062,2.0,-362.0,0.02578125,-8.471805555555557,12.5999755859375,-329.800048828125,191.62650317606034,208.57654126820546,1
1,14.124461650848389,2.0,-362.0,0.02578125,-8.471805555555557,9.5999755859375,-330.0,191.62650317606034,208.57654126820546,1
1,14.131408452987671,2.0,-362.0,0.02578125,-8.471805555555557,9.800048828125,-328.5999755859375,191.62650317606034,208.57654126820546,1
1,14.138339042663574,2.0,-362.0,0.02578125,-8.471805555555557,12.199951171875,-328.0999755859375,191.62650317606034,208.57654126820546,1
1,14.145265102386475,2.0,-362.0,0.02578125,-8.471805555555557,12.0,-329.4000244140625,191.62650317606034,208.57654126820546,1
1,14.152234315872192,2.0,-362.0,0.02578125,-8.471805555555557,9.9000244140625,-328.699951171875,191.62650317606034,208.57654126820546,1
1,14.15916919708252,2.0,-362.0,0.02578125,-8.471805555555557,12.5999755859375,-328.699951171875,191.62650317606034,208.57654126820546,1
1,14.166093349456787,2.0,-362.0,0.02578125,-8.471805555555557,14.800048828125,-326.9000244140625,191.62650317606034,208.57654126820546,1
1,14.173058271408081,2.0,-362.0,0.02578125,-8.471805555555557,13.199951171875,-328.699951171875,191.62650317606034,208.57654126820546,1
1,14.179994106292725,2.0,-362.0,0.02578125,-8.471805555555557,11.0999755859375,-331.199951171875,191.62650317606034,208.57654126820546,1
1,14.186908483505249,2.0,-362.0,0.02578125,-8.471805555555557,13.5,-332.300048828125,191.62650317606034,208.57654126820546,1
1,14.194021701812744,2.0,-362.0,0.02578125,-8.471805555555557,12.800048828125,-329.199951171875,191.62650317606034,208.57654126820546,1
1,14.200993537902832,2.0,-362.0,0.02578125,-8.471805555555557,11.5,-330.0,191.62650317606034,208.57654126820546,1
1,14.207818031311035,2.0,-362.0,0.02578125,-8.471805555555557,11.199951171875,-328.800048828125,191.62650317606034,208.57654126820546,1
1,14.215255975723267,2.0,-362.0,0.02578125,-8.471805555555557,15.4000244140625,-327.0,191.62650317606034,208.57654126820546,1
1,14.221806526184082,2.0,-362.0,0.02578125,-8.471805555555557,13.4000244140625,-328.199951171875,191.62650317606034,208.57654126820546,1
1,14.229110956192017,2.0,-362.0,0.02578125,-8.471805555555557,14.5,-324.800048828125,191.62650317606034,208.57654126820546,1
1,14.235749244689941,2.0,-362.0,0.02578125,-8.471805555555557,14.300048828125,-325.9000244140625,191.62650317606034,208.57654126820546,1
1,14.243016719818115,2.0,-362.0,0.02578125,-8.471805555555557,13.0999755859375,-328.0999755859375,191.62650317606034,208.57654126820546,1
1,14.248669624328613,2.0,-362.0,0.02578125,-8.471805555555557,14.5999755859375,-327.800048828125,191.62650317606034,208.57654126820546,1
1,14.25681209564209,2.0,-362.0,0.02578125,-8.471805555555557,15.9000244140625,-326.699951171875,191.62650317606034,208.57654126820546,1
1,14.263352632522583,2.0,-362.0,0.02578125,-8.471805555555557,14.0,-328.800048828125,191.62650317606034,208.57654126820546,1
1,14.27030634880066,2.0,-362.0,0.02578125,-8.471805555555557,12.800048828125,-327.4000244140625,191.62650317606034,208.57654126820546,1
1,14.277669191360474,2.0,-362.0,0.02578125,-8.471805555555557,12.699951171875,-329.199951171875,191.62650317606034,208.57654126820546,1
1,14.283549547195435,2.0,-362.0,0.02578125,-8.471805555555557,14.9000244140625,-327.300048828125,191.62650317606034,208.57654126820546,1
1,14.291194915771484,2.0,-362.0,0.02578125,-8.471805555555557,13.9000244140625,-327.300048828125,191.62650317606034,208.57654126820546,1
1,14.298086404800415,2.0,-362.0,0.02578125,-8.471805555555557,11.5,-327.9000244140625,191.62650317606034,208.57654126820546,1
1,14.3052659034729,2.0,-362.0,0.02578125,-8.471805555555557,11.9000244140625,-331.9000244140625,191.62650317606034,208.57654126820546,1
1,14.311190605163574,2.0,-362.0,0.02578125,-8.471805555555557,13.5999755859375,-328.5,191.62650317606034,208.57654126820546,1
1,14.318963766098022,2.0,-362.0,0.02578125,-8.471805555555557,9.300048828125,-330.0999755859375,191.62650317606034,208.57654126820546,1
1,14.326000213623047,2.0,-362.0,0.02578125,-8.471805555555557,9.9000244140625,-328.800048828125,191.62650317606034,208.57654126820546,1
1,14.33300518989563,2.0,-362.0,0.02578125,-8.471805555555557,11.699951171875,-329.0999755859375,191.62650317606034,208.57654126820546,1
1,14.339824438095093,2.0,-362.0,0.02578125,-8.471805555555557,11.5999755859375,-329.0,191.62650317606034,208.57654126820546,1
1,14.34691309928894,2.0,-362.0,0.02578125,-8.471805555555557,12.800048828125,-328.0999755859375,191.62650317606034,208.57654126820546,1
1,14.352933406829834,2.0,-362.0,0.02578125,-8.471805555555557,12.0,-328.300048828125,191.62650317606034,208.57654126820546,1
1,14.361290454864502,2.0,-362.0,0.02578125,-8.471805555555557,12.0,-327.9000244140625,191.62650317606034,208.57654126820546,1
1,14.367010116577148,2.0,-362.0,0.02578125,-8.471805555555557,11.199951171875,-329.5999755859375,191.62650317606034,208.57654126820546,1
1,14.374990224838257,2.0,-362.0,0.02578125,-8.471805555555557,13.5999755859375,-329.0999755859375,191.62650317606034,208.57654126820546,1
1,14.38153624534607,2.0,-362.0,0.02578125,-8.471805555555557,12.199951171875,-326.9000244140625,191.62650317606034,208.57654126820546,1
1,14.388309478759766,2.0,-362.0,0.02578125,-8.471805555555557,13.9000244140625,-328.300048828125,191.62650317606034,208.57654126820546,1
1,14.395557880401611,2.0,-362.0,0.02578125,-8.471805555555557,11.5,-330.5,191.62650317606034,208.57654126820546,1
1,14.402219533920288,2.0,-362.0,0.02578125,-8.471805555555557,10.800048828125,-327.199951171875,191.62650317606034,208.57654126820546,1
1,14.409210443496704,2.0,-362.0,0.02578125,-8.471805555555557,13.5999755859375,-327.199951171875,191.62650317606034,208.57654126820546,1
1,14.416210174560547,2.0,-362.0,0.02578125,-8.471805555555557,13.0999755859375,-326.5,191.62650317606034,208.57654126820546,1
1,14.423700094223022,2.0,-362.0,0.02578125,-8.471805555555557,13.699951171875,-327.199951171875,191.62650317606034,208.57654126820546,1
1,14.429314851760864,2.0,-362.0,0.02578125,-8.471805555555557,13.800048828125,-326.300048828125,191.62650317606034,208.57654126820546,1
1,14.437032461166382,2.0,-362.0,0.02578125,-8.471805555555557,8.699951171875,-329.9000244140625,191.62650317606034,208.57654126820546,1
1,14.444188833236694,2.0,-362.0,0.02578125,-8.471805555555557,13.4000244140625,-326.9000244140625,191.62650317606034,208.57654126820546,1
1,14.450984477996826,2.0,-362.0,0.02578125,-8.471805555555557,11.4000244140625,-330.0,191.62650317606034,208.57654126820546,1
1,14.457842350006104,2.0,-362.0,0.02578125,-8.471805555555557,13.0,-328.699951171875,191.62650317606034,208.57654126820546,1
1,14.464900732040405,2.0,-362.0,0.02578125,-8.471805555555557,13.300048828125,-328.4000244140625,191.62650317606034,208.57654126820546,1
1,14.471016883850098,2.0,-362.0,0.02578125,-8.471805555555557,11.4000244140625,-331.300048828125,191.62650317606034,208.57654126820546,1
1,14.478753089904785,2.0,-362.0,0.02578125,-8.471805555555557,11.9000244140625,-329.199951171875,191.62650317606034,208.57654126820546,1
1,14.486302375793457,2.0,-362.0,0.02578125,-8.471805555555557,9.699951171875,-331.300048828125,191.62650317606034,208.57654126820546,1
1,14.49236249923706,2.0,-362.0,0.02578125,-8.471805555555557,10.4000244140625,-331.4000244140625,191.62650317606034,208.57654126820546,1
1,14.499614953994751,2.0,-362.0,0.02578125,-8.471805555555557,11.199951171875,-331.0,191.62650317606034,208.57654126820546,1
1,14.506852865219116,2.0,-362.0,0.02578125,-8.471805555555557,10.5999755859375,-330.699951171875,191.62650317606034,208.57654126820546,1
1,14.513007879257202,2.0,-362.0,0.02578125,-8.471805555555557,10.4000244140625,-331.9000244140625,191.62650317606034,208.57654126820546,1
1,14.520468950271606,2.0,-362.0,0.02578125,-8.471805555555557,12.5999755859375,-331.300048828125,191.62650317606034,208.57654126820546,1
1,14.52737545967102,2.0,-362.0,0.02578125,-8.471805555555557,13.0,-329.5999755859375,191.62650317606034,208.57654126820546,1
1,14.534362554550171,2.0,-362.0,0.02578125,-8.471805555555557,10.9000244140625,-330.5,191.62650317606034,208.57654126820546,1
1,14.540448904037476,2.0,-362.0,0.02578125,-8.471805555555557,11.5,-329.800048828125,191.62650317606034,208.57654126820546,1
1,14.548412799835205,2.0,-362.0,0.02578125,-8.471805555555557,11.699951171875,-334.4000244140625,191.62650317606034,208.57654126820546,1
1,14.554519891738892,2.0,-362.0,0.02578125,-8.471805555555557,11.4000244140625,-332.0,191.62650317606034,208.57654126820546,1
1,14.562094449996948,2.0,-362.0,0.02578125,-8.471805555555557,12.0,-333.800048828125,191.62650317606034,208.57654126820546,1
1,14.568284273147583,2.0,-362.0,0.02578125,-8.471805555555557,12.0999755859375,-333.800048828125,191.62650317606034,208.57654126820546,1
1,14.576126098632812,2.0,-362.0,0.02578125,-8.471805555555557,10.699951171875,-331.699951171875,191.62650317606034,208.57654126820546,1
1,14.582183122634888,2.0,-362.0,0.02578125,-8.471805555555557,9.300048828125,-332.5,191.62650317606034,208.57654126820546,1
1,14.5899977684021,2.0,-362.0,0.02578125,-8.471805555555557,12.4000244140625,-332.199951171875,191.62650317606034,208.57654126820546,1
1,14.596046209335327,2.0,-362.0,0.02578125,-8.471805555555557,10.4000244140625,-332.800048828125,191.62650317606034,208.57654126820546,1
1,14.602901697158813,2.0,-362.0,0.02578125,-8.471805555555557,10.199951171875,-334.199951171875,191.62650317606034,208.57654126820546,1
1,14.611013174057007,2.0,-362.0,0.02578125,-8.471805555555557,11.300048828125,-334.0,191.62650317606034,208.57654126820546,1
1,14.6169593334198,2.0,-362.0,0.02578125,-8.471805555555557,11.699951171875,-333.199951171875,191.62650317606034,208.57654126820546,1
1,14.624573230743408,2.0,-362.0,0.02578125,-8.471805555555557,8.5,-334.4000244140625,191.62650317606034,208.57654126820546,1
1,14.631930828094482,2.0,-362.0,0.02578125,-8.471805555555557,9.699951171875,-334.9000244140625,191.62650317606034,208.57654126820546,1
1,14.637948751449585,2.0,-362.0,0.02578125,-8.471805555555557,7.5,-334.4000244140625,191.62650317606034,208.57654126820546,1
1,14.645571231842041,2.0,-362.0,0.02578125,-8.471805555555557,7.800048828125,-334.5999755859375,191.62650317606034,208.57654126820546,1
1,14.651789903640747,2.0,-362.0,0.02578125,-8.471805555555557,9.0,-335.699951171875,191.62650317606034,208.57654126820546,1
1,14.659321546554565,2.0,-362.0,0.02578125,-8.471805555555557,9.9000244140625,-333.0,191.62650317606034,208.57654126820546,1
1,14.66628384590149,2.0,-362.0,0.02578125,-8.471805555555557,7.9000244140625,-334.699951171875,191.62650317606034,208.57654126820546,1
1,14.673218250274658,2.0,-362.0,0.02578125,-8.471805555555557,7.699951171875,-332.4000244140625,191.62650317606034,208.57654126820546,1
1,14.680129766464233,2.0,-362.0,0.02578125,-8.471805555555557,7.300048828125,-337.199951171875,191.62650317606034,208.57654126820546,1
1,14.687124967575073,2.0,-362.0,0.02578125,-8.471805555555557,8.5,-333.9000244140625,191.62650317606034,208.57654126820546,1
1,14.694039106369019,2.0,-362.0,0.02578125,-8.471805555555557,7.0999755859375,-337.0,191.62650317606034,208.57654126820546,1
1,14.700998544692993,2.0,-362.0,0.02578125,-8.471805555555557,6.9000244140625,-336.0999755859375,191.62650317606034,208.57654126820546,1
1,14.70793604850769,2.0,-362.0,0.02578125,-8.471805555555557,8.5999755859375,-335.800048828125,191.62650317606034,208.57654126820546,1
1,14.714893341064453,2.0,-362.0,0.02578125,-8.471805555555557,5.199951171875,-336.4000244140625,191.62650317606034,208.57654126820546,1
1,14.72184419631958,2.0,-362.0,0.02578125,-8.471805555555557,5.699951171875,-335.9000244140625,191.62650317606034,208.57654126820546,1
1,14.72878098487854,2.0,-362.0,0.02578125,-8.471805555555557,6.800048828125,-335.300048828125,191.62650317606034,208.57654126820546,1
1,14.73573899269104,2.0,-362.0,0.02578125,-8.471805555555557,4.9000244140625,-337.4000244140625,191.62650317606034,208.57654126820546,1
1,14.742670774459839,2.0,-362.0,0.02578125,-8.471805555555557,7.0,-339.5,191.62650317606034,208.57654126820546,1
1,14.749618530273438,2.0,-362.0,0.02578125,-8.471805555555557,5.5,-337.0,191.62650317606034,208.57654126820546,1
1,14.756518840789795,2.0,-362.0,0.02578125,-8.471805555555557,5.0,-338.4000244140625,191.62650317606034,208.57654126820546,1
1,14.763447523117065,2.0,-362.0,0.02578125,-8.471805555555557,7.5,-337.800048828125,191.62650317606034,208.57654126820546,1
1,14.77044677734375,2.0,-362.0,0.02578125,-8.471805555555557,6.0,-339.699951171875,191.62650317606034,208.57654126820546,1
1,14.777401685714722,2.0,-362.0,0.02578125,-8.471805555555557,5.199951171875,-337.0999755859375,191.62650317606034,208.57654126820546,1
1,14.784362077713013,2.0,-362.0,0.02578125,-8.471805555555557,4.0,-339.9000244140625,191.62650317606034,208.57654126820546,1
1,14.791198015213013,2.0,-362.0,0.02578125,-8.471805555555557,4.0,-337.699951171875,191.62650317606034,208.57654126820546,1
1,14.79823899269104,2.0,-362.0,0.02578125,-8.471805555555557,3.300048828125,-338.5999755859375,191.62650317606034,208.57654126820546,1
1,14.805178880691528,2.0,-362.0,0.02578125,-8.471805555555557,4.0,-341.300048828125,191.62650317606034,208.57654126820546,1
1,14.812110424041748,2.0,-362.0,0.02578125,-8.471805555555557,4.300048828125,-337.300048828125,191.62650317606034,208.57654126820546,1
1,14.81904125213623,2.0,-362.0,0.02578125,-8.471805555555557,4.199951171875,-339.699951171875,191.62650317606034,208.57654126820546,1
1,14.825932025909424,2.0,-362.0,0.02578125,-8.471805555555557,2.9000244140625,-341.0999755859375,191.62650317606034,208.57654126820546,1
1,14.832938432693481,2.0,-362.0,0.02578125,-8.471805555555557,2.9000244140625,-339.5999755859375,191.62650317606034,208.57654126820546,1
1,14.839883089065552,2.0,-362.0,0.02578125,-8.471805555555557,2.9000244140625,-341.699951171875,191.62650317606034,208.57654126820546,1
1,14.846787691116333,2.0,-362.0,0.02578125,-8.471805555555557,3.5,-340.699951171875,191.62650317606034,208.57654126820546,1
1,14.85378098487854,2.0,-362.0,0.02578125,-8.471805555555557,4.5,-340.199951171875,191.62650317606034,208.57654126820546,1
1,14.860702276229858,2.0,-362.0,0.02578125,-8.471805555555557,4.4000244140625,-341.5999755859375,191.62650317606034,208.57654126820546,1
1,14.867814779281616,2.0,-362.0,0.02578125,-8.471805555555557,3.9000244140625,-342.0999755859375,191.62650317606034,208.57654126820546,1
1,14.874666452407837,2.0,-362.0,0.02578125,-8.471805555555557,4.9000244140625,-337.4000244140625,191.62650317606034,208.57654126820546,1
1,14.881596088409424,2.0,-362.0,0.02578125,-8.471805555555557,2.5,-339.9000244140625,191.62650317606034,208.57654126820546,1
1,14.88852310180664,2.0,-362.0,0.02578125,-8.471805555555557,2.9000244140625,-338.5999755859375,191.62650317606034,208.57654126820546,1
1,14.895482778549194,2.0,-362.0,0.02578125,-8.471805555555557,3.5999755859375,-340.199951171875,191.62650317606034,208.57654126820546,1
1,14.902443647384644,2.0,-362.0,0.02578125,-8.471805555555557,5.199951171875,-338.0999755859375,191.62650317606034,208.57654126820546,1
1,14.909375190734863,2.0,-362.0,0.02578125,-8.471805555555557,3.5,-338.800048828125,191.62650317606034,208.57654126820546,1
1,14.916317224502563,2.0,-362.0,0.02578125,-8.471805555555557,2.800048828125,-338.800048828125,191.62650317606034,208.57654126820546,1
1,14.923285007476807,2.0,-362.0,0.02578125,-8.471805555555557,3.199951171875,-339.699951171875,191.62650317606034,208.57654126820546,1
1,14.930227279663086,2.0,-362.0,0.02578125,-8.471805555555557,3.9000244140625,-337.5,191.62650317606034,208.57654126820546,1
1,14.937147378921509,2.0,-362.0,0.02578125,-8.471805555555557,0.9000244140625,-338.0999755859375,191.62650317606034,208.57654126820546,1
1,14.944072961807251,2.0,-362.0,0.02578125,-8.471805555555557,2.0,-340.0,191.62650317606034,208.57654126820546,1
1,14.950987100601196,2.0,-362.0,0.02578125,-8.471805555555557,-2.4000244140625,-339.5999755859375,191.62650317606034,208.57654126820546,1
1,14.95794129371643,2.0,-362.0,0.02578125,-8.471805555555557,-0.300048828125,-339.4000244140625,191.62650317606034,208.57654126820546,1
1,14.964791059494019,2.0,-362.0,0.02578125,-8.471805555555557,-0.5,-338.5,191.62650317606034,208.57654126820546,1
1,14.97181248664856,2.0,-362.0,0.02578125,-8.471805555555557,-1.300048828125,-340.0999755859375,191.62650317606034,208.57654126820546,1
1,14.978771448135376,2.0,-362.0,0.02578125,-8.471805555555557,2.0999755859375,-337.699951171875,191.62650317606034,208.57654126820546,1
1,14.985734224319458,2.0,-362.0,0.02578125,-8.471805555555557,2.199951171875,-338.199951171875,191.62650317606034,208.57654126820546,1
1,14.992669105529785,2.0,-362.0,0.02578125,-8.471805555555557,0.9000244140625,-338.4000244140625,191.62650317606034,208.57654126820546,1
1,14.999550104141235,2.0,-362.0,0.02578125,-8.471805555555557,3.5,-338.5,191.62650317606034,208.57654126820546,1
1,15.006544589996338,2.0,-362.0,0.02578125,-8.471805555555557,3.699951171875,-340.0,191.62650317606034,208.57654126820546,1
1,15.013481378555298,2.0,-362.0,0.02578125,-8.471805555555557,3.300048828125,-338.5,191.62650317606034,208.57654126820546,1
1,15.020393133163452,2.0,-362.0,0.02578125,-8.471805555555557,4.4000244140625,-336.800048828125,191.62650317606034,208.57654126820546,1
1,15.027392387390137,2.0,-362.0,0.02578125,-8.471805555555557,4.9000244140625,-337.300048828125,191.62650317606034,208.57654126820546,1
1,15.03433084487915,2.0,-362.0,0.02578125,-8.471805555555557,3.4000244140625,-338.199951171875,191.62650317606034,208.57654126820546,1
1,15.04129672050476,2.0,-362.0,0.02578125,-8.471805555555557,5.0999755859375,-338.5,191.62650317606034,208.57654126820546,2
1,15.048035860061646,2.0,-362.0,0.02578125,-8.471805555555557,6.0,-337.199951171875,191.62650317606034,208.57654126820546,2
1,15.05519151687622,2.0,-362.0,0.02578125,-8.471805555555557,4.4000244140625,-336.199951171875,191.62650317606034,208.57654126820546,2
1,15.062079906463623,2.0,-362.0,0.02578125,-8.471805555555557,4.5,-336.199951171875,191.62650317606034,208.57654126820546,2
1,15.06900429725647,2.0,-362.0,0.02578125,-8.471805555555557,4.5,-336.199951171875,191.62650317606034,208.57654126820546,2
1,15.076000928878784,2.0,-362.0,0.02578125,-8.471805555555557,3.800048828125,-338.0999755859375,191.62650317606034,208.57654126820546,2
1,15.082906723022461,2.0,-362.0,0.02578125,-8.471805555555557,4.0999755859375,-339.4000244140625,191.62650317606034,208.57654126820546,2
1,15.089900016784668,2.0,-362.0,0.02578125,-8.471805555555557,1.800048828125,-336.5,191.62650317606034,208.57654126820546,2
1,15.0968337059021,2.0,-362.0,0.02578125,-8.471805555555557,2.5,-336.0,191.62650317606034,208.57654126820546,2
1,15.104223489761353,2.0,-362.0,0.02578125,-8.471805555555557,4.199951171875,-338.0999755859375,191.62650317606034,208.57654126820546,2
1,15.110295057296753,2.0,-362.0,0.02578125,-8.471805555555557,4.0,-336.0,191.62650317606034,208.57654126820546,2
1,15.117756366729736,2.0,-362.0,0.02578125,-8.471805555555557,3.0,-339.0999755859375,191.62650317606034,208.57654126820546,2
1,15.124555349349976,2.0,-362.0,0.02578125,-8.471805555555557,4.0999755859375,-337.0999755859375,191.62650317606034,208.57654126820546,2
1,15.131476879119873,2.0,-362.0,0.02578125,-8.471805555555557,1.199951171875,-339.4000244140625,191.62650317606034,208.57654126820546,2
1,15.138511180877686,2.0,-362.0,0.02578125,-8.471805555555557,1.300048828125,-337.300048828125,191.62650317606034,208.57654126820546,2
1,15.145489931106567,2.0,-362.0,0.02578125,-8.471805555555557,2.800048828125,-339.199951171875,191.62650317606034,208.57654126820546,2
1,15.15245246887207,2.0,-362.0,0.02578125,-8.471805555555557,3.699951171875,-340.699951171875,191.62650317606034,208.57654126820546,2
1,15.159369230270386,2.0,-362.0,0.02578125,-8.471805555555557,0.0,-336.9000244140625,191.62650317606034,208.57654126820546,2
1,15.166346549987793,2.0,-362.0,0.02578125,-8.471805555555557,3.9000244140625,-338.0,191.62650317606034,208.57654126820546,2
1,15.173284769058228,2.0,-362.0,0.02578125,-8.471805555555557,1.5,-336.4000244140625,191.62650317606034,208.57654126820546,2
1,15.180221557617188,2.0,-362.0,0.02578125,-8.471805555555557,2.0,-336.5999755859375,191.62650317606034,208.57654126820546,2
1,15.187170267105103,2.0,-362.0,0.02578125,-8.471805555555557,5.9000244140625,-336.300048828125,191.62650317606034,208.57654126820546,2
1,15.19411849975586,2.0,-362.0,0.02578125,-8.471805555555557,81.9000244140625,-240.79998779296875,191.62650317606034,208.57654126820546,2
1,15.201061725616455,2.0,-362.0,0.02578125,-8.471805555555557,124.5999755859375,-125.5,191.62650317606034,208.57654126820546,2
1,15.207991361618042,2.0,-362.0,0.02578125,-8.471805555555557,139.0999755859375,-28.4000244140625,191.62650317606034,208.57654126820546,2
1,15.214949607849121,2.0,-362.0,0.02578125,-8.471805555555557,171.300048828125,48.9000244140625,191.62650317606034,208.57654126820546,2
1,15.221883773803711,2.0,-362.0,0.02578125,-8.471805555555557,188.5999755859375,77.29998779296875,191.62650317606034,208.57654126820546,2
1,15.228838682174683,2.0,-362.0,0.02578125,-8.471805555555557,192.5,76.79998779296875,191.62650317606034,208.57654126820546,2
1,15.235784769058228,2.0,-362.0,0.02578125,-8.471805555555557,189.800048828125,72.0999755859375,191.62650317606034,208.57654126820546,2
1,15.242737531661987,2.0,-362.0,0.02578125,-8.471805555555557,194.0999755859375,78.9000244140625,191.62650317606034,208.57654126820546,2
1,15.249657154083252,2.0,-362.0,0.02578125,-8.471805555555557,196.9000244140625,82.0999755859375,191.62650317606034,208.57654126820546,2
1,15.25663709640503,2.0,-362.0,0.02578125,-8.471805555555557,194.699951171875,83.79998779296875,191.62650317606034,208.57654126820546,2
1,15.263537883758545,2.0,-362.0,0.02578125,-8.471805555555557,194.199951171875,82.0,191.62650317606034,208.57654126820546,2
1,15.270373821258545,2.0,-362.0,0.02578125,-8.471805555555557,196.0999755859375,82.70001220703125,191.62650317606034,208.57654126820546,2
1,15.277413845062256,2.0,-362.0,0.02578125,-8.471805555555557,198.0999755859375,82.5,191.62650317606034,208.57654126820546,2
1,15.284328699111938,2.0,-362.0,0.02578125,-8.471805555555557,198.0999755859375,82.70001220703125,191.62650317606034,208.57654126820546,2
1,15.291285037994385,2.0,-362.0,0.02578125,-8.471805555555557,199.0,80.5999755859375,191.62650317606034,208.57654126820546,2
1,15.29818844795227,2.0,-362.0,0.02578125,-8.471805555555557,195.699951171875,80.0999755859375,191.62650317606034,208.57654126820546,2
1,15.305182218551636,2.0,-362.0,0.02578125,-8.471805555555557,195.0,79.79998779296875,191.62650317606034,208.57654126820546,2
1,15.312129974365234,2.0,-362.0,0.02578125,-8.471805555555557,196.9000244140625,80.0,191.62650317606034,208.57654126820546,2
1,15.31912088394165,1.0,-361.0,0.012890625,-8.448402777777778,196.4000244140625,80.70001220703125,191.62650317606034,208.57654126820546,2
1,15.325730085372925,0.0,-357.0,0.0,-8.354791666666667,196.800048828125,80.5,191.62650317606034,208.57654126820546,2
1,15.33319902420044,1.0,-348.0,0.012890625,-8.144166666666667,197.4000244140625,79.79998779296875,191.62650317606034,208.57654126820546,3
1,15.339710474014282,2.0,-338.0,0.02578125,-7.9101388888888895,194.9000244140625,78.0999755859375,191.62650317606034,208.57654126820546,3
1,15.34696888923645,3.0,-327.0,0.038671874999999994,-7.652708333333334,194.199951171875,77.9000244140625,191.62650317606034,208.57654126820546,3
1,15.353271007537842,5.0,-314.0,0.064453125,-7.348472222222223,194.300048828125,79.0,191.62650317606034,208.57654126820546,3
1,15.360032558441162,8.0,-302.0,0.103125,-7.067638888888889,205.9000244140625,113.79998779296875,191.62650317606034,208.57654126820546,3
1,15.366976499557495,13.0,-287.0,0.167578125,-6.716597222222223,214.199951171875,183.79998779296875,191.62650317606034,208.57654126820546,3
1,15.37399411201477,19.0,-268.0,0.24492187499999998,-6.271944444444445,215.199951171875,221.0,191.62650317606034,208.57654126820546,3
1,15.380980968475342,24.0,-254.0,0.30937499999999996,-5.944305555555556,217.5999755859375,214.79998779296875,191.62650317606034,208.57654126820546,3
1,15.38798189163208,32.0,-235.0,0.4125,-5.499652777777778,216.699951171875,206.29998779296875,191.62650317606034,208.57654126820546,3
1,15.394974708557129,39.0,-215.0,0.502734375,-5.0315972222222225,217.300048828125,206.70001220703125,191.62650317606034,208.57654126820546,3
1,15.40196967124939,46.0,-195.0,0.5929687499999999,-4.563541666666667,218.5999755859375,207.4000244140625,191.62650317606034,208.57654126820546,3
1,15.408967018127441,52.0,-175.0,0.6703125,-4.095486111111112,217.800048828125,210.60000610351562,191.62650317606034,208.57654126820546,3
1,15.41597032546997,59.0,-152.0,0.760546875,-3.5572222222222223,214.199951171875,212.70001220703125,191.62650317606034,208.57654126820546,3
1,15.422974586486816,64.0,-133.0,0.825,-3.1125694444444445,217.5,211.39999389648438,191.62650317606034,208.57654126820546,3
1,15.429975986480713,70.0,-109.0,0.90234375,-2.550902777777778,218.5,209.5,191.62650317606034,208.57654126820546,3
1,15.436968564987183,76.0,-83.0,0.9796874999999999,-1.9424305555555557,219.699951171875,211.5,191.62650317606034,208.57654126820546,3
1,15.443970203399658,81.0,-60.0,1.044140625,-1.4041666666666668,216.9000244140625,210.79998779296875,191.62650317606034,208.57654126820546,3
1,15.45096731185913,87.0,-33.0,1.1214843749999999,-0.7722916666666667,217.300048828125,213.10000610351562,191.62650317606034,208.57654126820546,3
1,15.457988977432251,92.0,-11.0,1.1859374999999999,-0.25743055555555555,218.0999755859375,213.20001220703125,191.62650317606034,208.57654126820546,3
1,15.464956283569336,98.0,16.0,1.26328125,0.37444444444444447,215.4000244140625,208.29998779296875,191.62650317606034,208.57654126820546,3
1,15.471964836120605,104.0,41.0,1.340625,0.959513888888889,217.4000244140625,208.29998779296875,191.62650317606034,208.57654126820546,3
1,15.478898763656616,111.0,65.0,1.4308593749999998,1.5211805555555558,217.699951171875,209.0,191.62650317606034,208.57654126820546,3
1,15.485955715179443,115.0,82.0,1.482421875,1.919027777777778,217.699951171875,209.10000610351562,191.62650317606034,208.57654126820546,3
1,15.4920334815979,121.0,102.0,1.5597656249999998,2.3870833333333334,218.4000244140625,209.0,191.62650317606034,208.57654126820546,3
1,15.498954057693481,128.0,123.0,1.65,2.878541666666667,217.9000244140625,209.39999389648438,191.62650317606034,208.57654126820546,3
1,15.505953550338745,134.0,142.0,1.72734375,3.323194444444445,219.0999755859375,208.89999389648438,191.62650317606034,208.57654126820546,3
1,15.512946128845215,140.0,159.0,1.8046875,3.721041666666667,219.5,209.39999389648438,191.62650317606034,208.57654126820546,3
1,15.519956827163696,148.0,179.0,1.9078125,4.189097222222222,219.9000244140625,210.20001220703125,191.62650317606034,208.57654126820546,3
1,15.527399778366089,153.0,191.0,1.972265625,4.469930555555556,219.5999755859375,208.60000610351562,191.62650317606034,208.57654126820546,3
1,15.533777236938477,158.0,204.0,2.03671875,4.774166666666667,218.5999755859375,207.70001220703125,191.62650317606034,208.57654126820546,3
1,15.540971517562866,162.0,215.0,2.08828125,5.0315972222222225,217.9000244140625,207.70001220703125,191.62650317606034,208.57654126820546,3
1,15.548424243927002,164.0,224.0,2.1140624999999997,5.242222222222223,217.9000244140625,209.89999389648438,191.62650317606034,208.57654126820546,3
1,15.554952144622803,167.0,231.0,2.152734375,5.406041666666667,217.5,209.79998779296875,191.62650317606034,208.57654126820546,3
1,15.562439203262329,169.0,238.0,2.1785156249999997,5.569861111111112,217.800048828125,209.29998779296875,191.62650317606034,208.57654126820546,3
1,15.568840742111206,170.0,242.0,2.19140625,5.6634722222222225,218.0,209.29998779296875,191.62650317606034,208.57654126820546,3
1,15.576011180877686,170.0,246.0,2.19140625,5.757083333333334,217.0999755859375,209.79998779296875,191.62650317606034,208.57654126820546,3
1,15.58197546005249,171.0,249.0,2.204296875,5.827291666666667,219.0999755859375,209.20001220703125,191.62650317606034,208.57654126820546,3
1,15.588995695114136,172.0,252.0,2.2171875,5.8975,217.800048828125,209.0,191.62650317606034,208.57654126820546,3
1,15.596113204956055,172.0,253.0,2.2171875,5.920902777777778,217.0999755859375,210.79998779296875,191.62650317606034,208.57654126820546,3
1,15.603189945220947,172.0,254.0,2.2171875,5.944305555555556,217.699951171875,207.5,191.62650317606034,208.57654126820546,3
1,15.610779762268066,172.0,254.0,2.2171875,5.944305555555556,218.9000244140625,206.29998779296875,191.62650317606034,208.57654126820546,3
1,15.617877721786499,172.0,254.0,2.2171875,5.944305555555556,217.0,207.5,191.62650317606034,208.57654126820546,3
1,15.624220848083496,173.0,254.0,2.230078125,5.944305555555556,219.0999755859375,207.70001220703125,191.62650317606034,208.57654126820546,3
1,15.631180047988892,173.0,254.0,2.230078125,5.944305555555556,214.4000244140625,209.39999389648438,191.62650317606034,208.57654126820546,3
1,15.638031244277954,173.0,254.0,2.230078125,5.944305555555556,214.4000244140625,210.79998779296875,191.62650317606034,208.57654126820546,3
1,15.645168542861938,174.0,254.0,2.2429687499999997,5.944305555555556,216.5999755859375,206.9000244140625,191.62650317606034,208.57654126820546,3
1,15.652165174484253,175.0,254.0,2.255859375,5.944305555555556,216.5999755859375,209.60000610351562,191.62650317606034,208.57654126820546,3
1,15.65901803970337,177.0,254.0,2.281640625,5.944305555555556,216.800048828125,209.5,191.62650317606034,208.57654126820546,3
1,15.666021823883057,179.0,254.0,2.3074218749999997,5.944305555555556,218.0999755859375,207.5,191.62650317606034,208.57654126820546,3
1,15.67303204536438,181.0,253.0,2.333203125,5.920902777777778,218.199951171875,207.9000244140625,191.62650317606034,208.57654126820546,3
1,15.67995810508728,183.0,253.0,2.358984375,5.920902777777778,217.800048828125,207.5999755859375,191.62650317606034,208.57654126820546,3
1,15.687031030654907,185.0,252.0,2.384765625,5.8975,216.300048828125,207.5,191.62650317606034,208.57654126820546,3
1,15.69402003288269,187.0,248.0,2.410546875,5.803888888888889,217.5999755859375,205.9000244140625,191.62650317606034,208.57654126820546,3
1,15.70102858543396,190.0,244.0,2.44921875,5.710277777777778,217.0999755859375,206.0999755859375,191.62650317606034,208.57654126820546,3
1,15.70862102508545,192.0,239.0,2.4749999999999996,5.593263888888889,216.4000244140625,207.5999755859375,191.62650317606034,208.57654126820546,3
1,15.715027332305908,195.0,236.0,2.513671875,5.523055555555556,216.800048828125,206.20001220703125,191.62650317606034,208.57654126820546,3
1,15.721024751663208,197.0,232.0,2.5394531249999996,5.429444444444445,216.0,207.0,191.62650317606034,208.57654126820546,3
1,15.728028297424316,199.0,227.0,2.5652343749999997,5.312430555555556,217.300048828125,206.0999755859375,191.62650317606034,208.57654126820546,4
1,15.735034465789795,201.0,224.0,2.591015625,5.242222222222223,217.0,206.5,191.62650317606034,208.57654126820546,4
1,15.742016077041626,203.0,220.0,2.616796875,5.148611111111111,217.800048828125,208.29998779296875,191.62650317606034,208.57654126820546,4
1,15.748962163925171,205.0,217.0,2.642578125,5.078402777777778,217.300048828125,207.0999755859375,191.62650317606034,208.57654126820546,4
1,15.755960941314697,206.0,214.0,2.65546875,5.008194444444444,217.5,206.79998779296875,191.62650317606034,208.57654126820546,4
1,15.76295280456543,207.0,212.0,2.6683593749999996,4.961388888888889,218.800048828125,207.4000244140625,191.62650317606034,208.57654126820546,4
1,15.769956350326538,209.0,209.0,2.6941406249999997,4.891180555555556,219.0999755859375,205.20001220703125,191.62650317606034,208.57654126820546,4
1,15.777058601379395,210.0,208.0,2.70703125,4.867777777777778,218.5999755859375,202.70001220703125,191.62650317606034,208.57654126820546,4
1,15.783997058868408,211.0,206.0,2.719921875,4.820972222222222,217.5,201.79998779296875,191.62650317606034,208.57654126820546,4
1,15.79112982749939,211.0,205.0,2.719921875,4.797569444444445,217.4000244140625,201.0999755859375,191.62650317606034,208.57654126820546,4
1,15.79813528060913,212.0,204.0,2.7328124999999996,4.774166666666667,219.5999755859375,204.9000244140625,191.62650317606034,208.57654126820546,4
1,15.804998397827148,212.0,204.0,2.7328124999999996,4.774166666666667,218.199951171875,201.5999755859375,191.62650317606034,208.57654126820546,4
1,15.811993837356567,212.0,204.0,2.7328124999999996,4.774166666666667,215.800048828125,201.4000244140625,191.62650317606034,208.57654126820546,4
1,15.818928718566895,212.0,204.0,2.7328124999999996,4.774166666666667,216.699951171875,203.5999755859375,191.62650317606034,208.57654126820546,4
1,15.825931072235107,212.0,204.0,2.7328124999999996,4.774166666666667,217.0,202.70001220703125,191.62650317606034,208.57654126820546,4
1,15.832828760147095,212.0,204.0,2.7328124999999996,4.774166666666667,214.5999755859375,201.4000244140625,191.62650317606034,208.57654126820546,4
1,15.839760780334473,212.0,204.0,2.7328124999999996,4.774166666666667,212.4000244140625,202.70001220703125,191.62650317606034,208.57654126820546,4
1,15.846773862838745,212.0,204.0,2.7328124999999996,4.774166666666667,211.4000244140625,200.4000244140625,191.62650317606034,208.57654126820546,4
1,15.853739023208618,212.0,204.0,2.7328124999999996,4.774166666666667,213.0999755859375,200.5,191.62650317606034,208.57654126820546,4
1,15.86068344116211,212.0,204.0,2.7328124999999996,4.774166666666667,212.0,198.5,191.62650317606034,208.57654126820546,4
1,15.867683172225952,211.0,204.0,2.719921875,4.774166666666667,212.5999755859375,198.70001220703125,191.62650317606034,208.57654126820546,4
1,15.87456488609314,211.0,204.0,2.719921875,4.774166666666667,211.9000244140625,197.0999755859375,191.62650317606034,208.57654126820546,4
1,15.881498098373413,211.0,204.0,2.719921875,4.774166666666667,213.5999755859375,198.5999755859375,191.62650317606034,208.57654126820546,4
1,15.888353824615479,211.0,204.0,2.719921875,4.774166666666667,213.4000244140625,198.9000244140625,191.62650317606034,208.57654126820546,4
1,15.89533519744873,211.0,204.0,2.719921875,4.774166666666667,211.300048828125,198.29998779296875,191.62650317606034,208.57654126820546,4
1,15.902148246765137,211.0,204.0,2.719921875,4.774166666666667,213.0,196.70001220703125,191.62650317606034,208.57654126820546,4
1,15.909239053726196,211.0,204.0,2.719921875,4.774166666666667,213.699951171875,195.29998779296875,191.62650317606034,208.57654126820546,4
1,15.916167497634888,211.0,204.0,2.719921875,4.774166666666667,210.5999755859375,198.9000244140625,191.62650317606034,208.57654126820546,4
1,15.922981977462769,211.0,204.0,2.719921875,4.774166666666667,212.199951171875,196.9000244140625,191.62650317606034,208.57654126820546,4
1,15.930128812789917,210.0,204.0,2.70703125,4.774166666666667,211.9000244140625,198.5,191.62650317606034,208.57654126820546,4
1,15.93712830543518,210.0,204.0,2.70703125,4.774166666666667,211.5999755859375,197.70001220703125,191.62650317606034,208.57654126820546,4
1,15.944142580032349,210.0,204.0,2.70703125,4.774166666666667,212.0,198.20001220703125,191.62650317606034,208.57654126820546,4
1,15.951151847839355,210.0,204.0,2.70703125,4.774166666666667,211.199951171875,198.0999755859375,191.62650317606034,208.57654126820546,4
1,15.958161115646362,209.0,204.0,2.6941406249999997,4.774166666666667,212.5,198.29998779296875,191.62650317606034,208.57654126820546,4
1,15.965395212173462,208.0,205.0,2.68125,4.797569444444445,227.699951171875,208.70001220703125,191.62650317606034,208.57654126820546,4
1,15.971130132675171,208.0,205.0,2.68125,4.797569444444445,224.4000244140625,215.10000610351562,191.62650317606034,208.57654126820546,4
1,15.978132009506226,207.0,205.0,2.6683593749999996,4.797569444444445,216.699951171875,210.70001220703125,191.62650317606034,208.57654126820546,4
1,15.984988689422607,206.0,205.0,2.65546875,4.797569444444445,217.699951171875,209.20001220703125,191.62650317606034,208.57654126820546,4
1,15.991984605789185,206.0,205.0,2.65546875,4.797569444444445,219.699951171875,206.79998779296875,191.62650317606034,208.57654126820546,4
1,15.998980522155762,205.0,205.0,2.642578125,4.797569444444445,219.5,207.70001220703125,191.62650317606034,208.57654126820546,4
1,16.005990743637085,204.0,205.0,2.6296874999999997,4.797569444444445,216.0999755859375,212.10000610351562,191.62650317606034,208.57654126820546,4
1,16.013115167617798,204.0,205.0,2.6296874999999997,4.797569444444445,217.699951171875,207.79998779296875,191.62650317606034,208.57654126820546,4
1,16.01998496055603,203.0,206.0,2.616796875,4.820972222222222,215.9000244140625,211.70001220703125,191.62650317606034,208.57654126820546,4
1,16.027137279510498,203.0,206.0,2.616796875,4.820972222222222,215.0999755859375,209.20001220703125,191.62650317606034,208.57654126820546,4
1,16.033970594406128,203.0,206.0,2.616796875,4.820972222222222,214.699951171875,210.10000610351562,191.62650317606034,208.57654126820546,4
1,16.041117906570435,202.0,206.0,2.6039062499999996,4.820972222222222,212.800048828125,208.29998779296875,191.62650317606034,208.57654126820546,4
1,16.048133373260498,202.0,206.0,2.6039062499999996,4.820972222222222,214.199951171875,210.39999389648438,191.62650317606034,208.57654126820546,4
1,16.055126905441284,202.0,206.0,2.6039062499999996,4.820972222222222,215.699951171875,210.0,191.62650317606034,208.57654126820546,4
1,16.06214737892151,202.0,206.0,2.6039062499999996,4.820972222222222,213.300048828125,211.70001220703125,191.62650317606034,208.57654126820546,4
1,16.069438219070435,201.0,206.0,2.591015625,4.820972222222222,214.5,212.10000610351562,191.62650317606034,208.57654126820546,4
1,16.075501203536987,201.0,206.0,2.591015625,4.820972222222222,214.699951171875,211.10000610351562,191.62650317606034,208.57654126820546,4
1,16.082099199295044,200.0,206.0,2.578125,4.820972222222222,212.4000244140625,208.89999389648438,191.62650317606034,208.57654126820546,4
1,16.089056491851807,199.0,206.0,2.5652343749999997,4.820972222222222,213.300048828125,208.89999389648438,191.62650317606034,208.57654126820546,4
1,16.09648060798645,198.0,207.0,2.55234375,4.844375,212.699951171875,210.89999389648438,191.62650317606034,208.57654126820546,4
1,16.10298776626587,197.0,207.0,2.5394531249999996,4.844375,213.4000244140625,208.0,191.62650317606034,208.57654126820546,4
1,16.110283613204956,197.0,207.0,2.5394531249999996,4.844375,213.9000244140625,206.79998779296875,191.62650317606034,208.57654126820546,4
1,16.11758780479431,197.0,207.0,2.5394531249999996,4.844375,212.4000244140625,209.70001220703125,191.62650317606034,208.57654126820546,4
1,16.124154806137085,197.0,207.0,2.5394531249999996,4.844375,212.4000244140625,209.70001220703125,191.62650317606034,208.57654126820546,4
1,16.13119387626648,196.0,207.0,2.5265625,4.844375,211.800048828125,210.20001220703125,191.62650317606034,208.57654126820546,4
1,16.138426303863525,196.0,207.0,2.5265625,4.844375,211.5,211.39999389648438,191.62650317606034,208.57654126820546,4
1,16.145322799682617,196.0,207.0,2.5265625,4.844375,213.4000244140625,211.70001220703125,191.62650317606034,208.57654126820546,4
1,16.152281761169434,196.0,207.0,2.5265625,4.844375,212.800048828125,208.89999389648438,191.62650317606034,208.57654126820546,4
1,16.159207344055176,196.0,207.0,2.5265625,4.844375,210.300048828125,208.89999389648438,191.62650317606034,208.57654126820546,4
1,16.166216373443604,196.0,207.0,2.5265625,4.844375,210.5,209.89999389648438,191.62650317606034,208.57654126820546,4
1,16.17317032814026,196.0,207.0,2.5265625,4.844375,213.5,211.10000610351562,191.62650317606034,208.57654126820546,4
1,16.180169105529785,196.0,207.0,2.5265625,4.844375,211.300048828125,207.79998779296875,191.62650317606034,208.57654126820546,4
